oai_id,title,description,subject,creator,date,type,format,language,publisher,rights,source,relation,coverage,portal_url
info:ark/67531/metapth2355,Texas and the Massachusetts Resolutions,"Pamphlet containing an essay against the annexation of Texas, compiled from a series of newspaper columns.",Texas -- Annexation to the United States. | United States -- Politics and government -- 1841-1845. | Military and War - Wars - Texas Revolution,"Adams, Charles Francis",1844-01-01,Book,54 p.,English,Eastburn's Press,,"Boston Courier, 1844",,"Annexation, 1844-1846 | United States | United States - Texas | 1844~",https://texashistory.unt.edu/ark:/67531/metapth2355/
info:ark/67531/metapth2356,"Anti-Texass Legion: Protest of some free men, states and presses against the Texass rebellion, against the laws of nature and of nations",Pamphlet from Texana Collection,Slavery -- United States -- Controversial literature -- 1845 | Texas -- Annexation to the United States | Military and War - Wars - Texas Revolution | Social Life and Customs - Slavery,"Anti-Texass Legion | Lundy, Benjamin | Legion of Liberty",1845-01-01,Book,Text,English,Sold at the Patriot Office,Public,,,"United States - Texas | Annexation, 1844-1846",https://texashistory.unt.edu/ark:/67531/metapth2356/
info:ark/67531/metapth2357,"How to Conquer Texas, Before Texas Conquers Us",Pamphlet discussing the geography of Texas and some political issues surrounding the annexation of Texas into the United States.,"Texas -- History -- Republic, 1836-1846. | Texas -- Annexation to the United States. | Texas -- Description and travel. | Texas -- Emigration and immigration. | Slavery -- Texas. | Military and War - Wars - Texas Revolution","Hale, Edward Everett, Sr., 1822-1909",1845-01-01,Pamphlet,Text,English,Redding & Co.,,,,"Annexation, 1844-1846 | United States - Texas",https://texashistory.unt.edu/ark:/67531/metapth2357/
info:ark/67531/metapth2358,Annexation of Texas. By Junius no. IX,Pamphlet from Texana Collection,Texas -- Annexation to the United States | Military and War - Wars - Texas Revolution | Social Life and Customs - Slavery,"Colton, Calvin",1844-01-01,Book,Text,English,Greeley & McElrath,,,,"Annexation, 1844-1846",https://texashistory.unt.edu/ark:/67531/metapth2358/
info:ark/67531/metapth2359,Discourse on Slavery and the Annexation of Texas,Pamphlet from Texana Collection,Slavery -- United States -- Controversial literature -- 1844 | Texas -- Annexation to the United States. | Military and War - Wars - Texas Revolution | Social Life and Customs - Slavery,"Dewey, Orville",1844-01-01,Book,Text,English,C.S. Francis and company,,,,"Annexation, 1844-1846",https://texashistory.unt.edu/ark:/67531/metapth2359/
info:ark/67531/metapth2360,"Appeal to the people of Massachusetts, on the Texas question. 2d edition.","Pamphlet written by ""A Massachusetts Freeman"" regarding issues in relation to the annexation of Texas by the United States.",Texas -- Annexation to the United States. | United States -- Politics and government -- 1841-1845. | Military and War - Wars - Texas Revolution,"Allen, George, 1792-1883",1844,Pamphlet,20 p. ; 23 cm.,English,Charles C. Little and James Brown (Firm),,,,"Annexation, 1844-1846 | United States - Texas | United States - Massachusetts",https://texashistory.unt.edu/ark:/67531/metapth2360/
info:ark/67531/metapth2361,"Address on the annexation of Texas, and the aspect of slavery in the United States, in connection therewith: delivered in Boston November 14 and 18, 1845",Pamphlet from Texana Collection,Slavery -- United States -- Controversial literature -- 1845. | Texas -- Annexation to the United States. | Military and War - Wars - Texas Revolution | Social Life and Customs - Slavery,"Phillips, Stephen C.",1845-01-01,Book,Text,English,W. Crosby and H.P. Nichols,,,,"Annexation, 1844-1846",https://texashistory.unt.edu/ark:/67531/metapth2361/
info:ark/67531/metapth2362,"History of the regulators and moderators and the Shelby County war in 1841 and 1842, in the republic of Texas, with facts and incidents in the early history of the republic and state, from 1837 to the annexation, together with incidents of frontier life and Indian troubles, and the war on the reserve in Young County in 1857",Pamphlet from Texana Collection,Frontier and pioneer life -- Texas | Texas -- History | Shelby County war | Military and War - Wars - Texas Revolution,"Middleton, John W.",1883-01-01,Book,Text,English,Loving Publishing Company,,,,"United States - Texas - Shelby County | The Republic of Texas, 1836-1846 | The Texas Frontier, 1846-1861 | 1837-01-01/1857-12-31 | The Texas Frontier, 1846-1861 | The Republic of Texas, 1836-1846",https://texashistory.unt.edu/ark:/67531/metapth2362/
info:ark/67531/metapth2363,"Proceedings of the Senate and Documents Relative to Texas, from which the Injunction of Secrecy Has Been Removed",Record of 1844 Senate Proceedings.,Texas -- Annexation to the United States | Texas -- History -- To 1846 -- Sources. | Government and Law - Texas Laws and Regulations,United States. Congress. Senate.,1844,Book,Text,English,[Gales and Seaton],,,Is part of serial 435.,"Annexation, 1844-1846 | 1844-05-16",https://texashistory.unt.edu/ark:/67531/metapth2363/
info:ark/67531/metapth2365,Message from the President of the United States to the Two Houses of Congress at the Commencement of the First Session of the Twenty-Ninth Congress.,Presidential address to the 1845 Congress.,Texas -- Annexation to the United States. | Texas -- History -- To 1846 -- Sources. | Government and Law - Politics,"United States. Congress. Senate. | Polk, James K.",1845,Book,Text,English,Ritchie & Heiss,Public,,Is part of serial 470.,"Annexation, 1844-1846 | 1845-12-02/1845-12-03",https://texashistory.unt.edu/ark:/67531/metapth2365/
info:ark/67531/metapth2369,"Congressional Globe (Permanent Edition) Volume 85: 28th Congress, 2nd session, Appendix",Congressional debates and proceedings regarding the annexation of Texas to the United States of America. Only selected pages of the Congressional Globe are reproduced here.,Law -- United States -- Periodicals. | United States -- Politics and government -- Periodicals. | Government and Law - Politics,United States. Congress.,1845-12-31,Book,Text,English,Blair & Rives,,,,United States | 1844-01-01/1845-12-31,https://texashistory.unt.edu/ark:/67531/metapth2369/
info:ark/67531/metapth2385,"History of Texas: From Its First Settlement in 1685 to Its Annexation to the United States in 1846, Volume 1","Book describing Texas history up to the time of annexation to the United States of America. This first volume is broken into 22 chapters covering the start of European immigration (roughly 1685) through the establishment of the Republic of Texas in 1835, with a number of appendices containing supplementary information.",Texas -- History -- To 1846. | Places - Republic of Texas | Immigration | People - Individuals | explorers | emigrants | histories,"Yoakum, H. (Henderson K.), 1810-1856",1855,Book,"482, 4 p. : ill.",English,Redfield,,,"History of Texas: From Its First Settlement in 1685 to Its Annexation to the United States in 1846, Volume 1 [e-book], ark:/67531/metapth846125","United States - Texas | 1685/1835 | Spanish Texas, 1690-1821 | Mexican Texas, 1821-1835 | The Republic of Texas, 1836-1846",https://texashistory.unt.edu/ark:/67531/metapth2385/
info:ark/67531/metapth2370,Houston Daily Post 1 January 1908,Obituary of the widow of the last president of the Republic of Texas includes biography. Newspaper clipping is from the University of North Texas Archives.,"Obituaries. | Jones, Mary Smith McCrory, 1819-1907. | People - Individuals - Mary Jones","Looscan, M.",1/1/1908,Clipping,Text,English,Houston Daily Post,Public,,,United States - Texas - Harris County - Houston | 1908-01-01,https://texashistory.unt.edu/ark:/67531/metapth2370/
info:ark/67531/metapth2371,"Letter to Mary Jones, 13 July 1879","Letter from Cromwell Anson Jones, son of the last president of the Republic of Texas. The original letter is housed in the University of North Texas Archives.",Letters. | People - Individuals - Mary Jones,"Jones, C. Anson",1879-07-13,Letter,Text,English,,Public,,,United States - Texas - Harris County - Houston | 1879-07-13,https://texashistory.unt.edu/ark:/67531/metapth2371/
info:ark/67531/metapth2372,"Letter to Colonel Allen, 15 October 1859","Letter from Mary Jones, widow of the last president of the Republic of Texas. The original letter is housed in the University of North Texas Archives.",Letters. | People - Individuals - Mary Jones,"Jones, Mary Smith McCrory",1859-10-15,Letter,Text,English,,Public,,,"The Texas Frontier, 1846-1861 | 1859-10-15",https://texashistory.unt.edu/ark:/67531/metapth2372/
info:ark/67531/metapth2373,Houston Chronicle 31 December 1907,Obituary of the widow of the last president of the Republic of Texas includes biography. Newspaper clipping is from the University of North Texas Archives.,"Obituaries. | Jones, Mary Smith McCrory, 1819-1907 | People - Individuals - Mary Jones",,12/31/1907,Clipping,Text,English,Houston Chronicle,Public,,,"United States - Texas - Harris County - Houston | New South, Populism, Progressivism, and the Great Depression, 1877-1939 | 1907-12-31",https://texashistory.unt.edu/ark:/67531/metapth2373/
info:ark/67531/metapth2374,"Letter to Colonel Allen, 25 October 1859","Letter from Mary Jones, widow of the last president of the Republic of Texas. The original letter is housed in the University of North Texas Archives.",Letters. | People - Individuals - Mary Jones,"Jones, Mary Smith McCrory",1859-10-25,Letter,Text,English,,Public,,,"The Texas Frontier, 1846-1861 | 1859-10-25",https://texashistory.unt.edu/ark:/67531/metapth2374/
info:ark/67531/metapth2375,"Letter to Mary Jones, 21 July 1879","Letter from Cromwell Anson Jones, son of the last president of the Republic of Texas. The original letter is housed in the University of North Texas Archives.",Letters. | People - Individuals - Mary Jones,"Jones, C. Anson",1879-07-21,Letter,Text,English,,Public,,,"The Cattle Boom, 1865-1890 | 1879-07-21",https://texashistory.unt.edu/ark:/67531/metapth2375/
info:ark/67531/metapth2376,"Letter to Mary Jones, 10 February 1870",Letter from Josephine Whiteside to the widow of the last president of the Republic of Texas. The original letter is housed in the University of North Texas Archives.,Letters. | People - Individuals - Mary Jones,"Whiteside, Josephine",1870-02-10,Letter,Text,English,,Public,,,1870-02-10,https://texashistory.unt.edu/ark:/67531/metapth2376/
info:ark/67531/metapth2377,"Letter to Cromwell Jones, 25 February 1870","Letter from Mary Jones, widow of the last president of the Republic of Texas. The original letter is housed in the University of North Texas Archives.",Letters. | People - Individuals - Mary Jones,"Jones, Mary Smith McCrory",1870-02-25,Letter,Text,English,,Public,,,"Civil War and Reconstruction, 1861-1876 | 1870-02-25",https://texashistory.unt.edu/ark:/67531/metapth2377/
info:ark/67531/metapth2378,"Letter draft (partial) to Mr. Bancroft, 1887","Partial draft letter from Mary Jones, widow of the last president of the Republic of Texas. The original letter is housed in the University of North Texas Archives.",Letters. | People - Individuals - Mary Jones,"Jones, Mary Smith McCrory",1887-01-01,Letter,Text,English,,Public,,,"The Cattle Boom, 1865-1890 | 1887-01-01",https://texashistory.unt.edu/ark:/67531/metapth2378/
info:ark/67531/metapth2379,"Letter draft (partial) to Mr. Bancroft, 28 March 1889","Partial draft letter from Mary Jones, widow of the last president of the Republic of Texas. The original letter is housed in the University of North Texas Archives.",Letters. | People - Individuals - Mary Jones,"Jones, Mary Smith McCrory",1889-03-28,Letter,Text,English,,Public,,,"The Cattle Boom, 1865-1890 | 1889-03-28",https://texashistory.unt.edu/ark:/67531/metapth2379/
info:ark/67531/metapth2380,"Letter to W. Richardson, 13 July 1858","Letter from Mary Jones, widow of the last president of the Republic of Texas. The original letter is housed in the University of North Texas Archives.",Letters. | People - Individuals - Mary Jones,"Jones, Mary Smith McCrory",1858-07-13,Letter,Text,English,,Public,,,"The Texas Frontier, 1846-1861 | 1858-07-13",https://texashistory.unt.edu/ark:/67531/metapth2380/
info:ark/67531/metapth2384,"Letter to Mary Jones, 8 November 1871","Letter from Cromwell Anson Jones, son of the last president of the Republic of Texas. The original letter is housed in the University of North Texas Archives.",Letters. | People - Individuals - Mary Jones,"Jones, C. Anson",1871-11-08,Letter,Text,English,,Public,,,"Civil War and Reconstruction, 1861-1876 | 1871-11-08",https://texashistory.unt.edu/ark:/67531/metapth2384/
info:ark/67531/metapth2381,"Letter to Mary Jones, 10 August 1879","Letter from Cromwell Anson Jones, son of the last president of the Republic of Texas. The original letter is housed in the University of North Texas Archives.",Letters. | People - Individuals - Mary Jones,"Jones, C. Anson",1879-08-10,Letter,Text,English,,Public,,,"The Cattle Boom, 1865-1890 | 1879-08-10",https://texashistory.unt.edu/ark:/67531/metapth2381/
info:ark/67531/metapth2382,"Letter to Appleton & Co., 9 November 1860","Letter from Mary Jones, widow of the last president of the Republic of Texas. The original letter is housed in the University of North Texas Archives.",Letters. | People - Individuals - Mary Jones,"Jones, Mary Smith McCrory",1860-11-09,Letter,Text,English,,Public,,,"The Texas Frontier, 1846-1861 | 1860-11-09",https://texashistory.unt.edu/ark:/67531/metapth2382/
info:ark/67531/metapth2383,Anson Jones. Obituary. 1858,"Obituary of Anson Jones, the last president of the Republic of Texas, including a lengthy biography.","People - Individuals | Obituaries | Biographies | Jones, Anson, 1798-1858",,1858-01-01,Clipping,1 clipping,English,,Public,,,"United States - Texas | 1858-01-01 | The Texas Frontier, 1846-1861",https://texashistory.unt.edu/ark:/67531/metapth2383/
info:ark/67531/metapth2393,"[Letter to James H. Raymond from Sam Houston, October 1, 1943]",Letter to James H. Raymond requesting payment of $240 to L. Y. Torrey & Brothers from the Executive Contingent Fund (of which Raymond is acting treasurer). An additional note dated several weeks later notes receipt of the money.,"letters | Business, Economics and Finance | Social Life and Customs - Correspondence | Houston, Sam | receipts | bills","Houston, Sam","{1843-10-01,1843-10-20}",Letter,Text,English,,Public,,,United States - Washington D.C. | 1843-10-01/1843-10-01,https://texashistory.unt.edu/ark:/67531/metapth2393/
info:ark/67531/metapth2394,Certificate of Election,"Certificate naming Benjamin B. Peck the Clerk of the County Court in Gonzales County, Republic of Texas.","Government and Law - Elected Officials | Government and Law - Legal Documents | Peck, Benjamin B.","Republic of Texas | Jones, Anson",1845-01-01,Legal Document,[1] p.,English,,Public,,,"United States - Texas - Washington County - Washington | The Republic of Texas, 1836-1846 | 1845-01-01",https://texashistory.unt.edu/ark:/67531/metapth2394/
info:ark/67531/metapth2395,Land Grant Deed,Land grant made out to Marshall B. McKeever.,"People - Individuals | Government and Law - Legal Documents - Land Grants | Jones, Anson, 1798-1858 | deeds","Texas | Jones, Anson",1845-01-01,Legal Document,[1] p.,English,,Public,,,"United States - Texas - Travis County - Austin | The Republic of Texas, 1836-1846 | 1845-01-01",https://texashistory.unt.edu/ark:/67531/metapth2395/
info:ark/67531/metapth2396,Land Grant Deed,Land Grant,"land grants | Business, Economics and Finance - Real Estate | Government and Law - Legal Documents - Land Grants","Republic of Texas | Lamar, Mirabeau B.",1841-01-01,Text,[1] p.,English,,Public,,,"The Republic of Texas, 1836-1846 | 1841-01-01",https://texashistory.unt.edu/ark:/67531/metapth2396/
info:ark/67531/metapth2397,Texian Loan Agreement,"Certificate issued to Robert Triplett acknowledging the first installment of a payment on a loan from the Government of Texas, with details about the loan agreement.","loans | People - Individuals - Stephen F. Austin | Business, Economics and Finance | Government and Law - Legal Documents | Places - Republic of Texas | Texian loans | loan certificates | receipts",Texas,1836-01-11,Text,[1] p. : ill.,English,Texas,Public,,,"United States - Texas | The Republic of Texas, 1836-1846 | 1836-01",https://texashistory.unt.edu/ark:/67531/metapth2397/
info:ark/67531/metapth2398,Land Grant Deed,Land grant for Mary Gest signed by Sam Houston.,"Gest, Mary | Business, Economics and Finance - Real Estate | Government and Law - Legal Documents - Land Grants | Places - Republic of Texas","Republic of Texas | Houston, Sam",1842-01-01,Text,[1] p.,English,Texas. General Land Office.,Public,,,"United States - Texas | The Republic of Texas, 1836-1846 | 1842-01-01",https://texashistory.unt.edu/ark:/67531/metapth2398/
info:ark/67531/metapth2399,Land Grant Deed,Land Grant,"land grants | Business, Economics and Finance - Real Estate","State of Texas | Henderson, J. P.",1847-01-01,Text,Text,English,,Public,,,"The Texas Frontier, 1846-1861 | 1847-01-01",https://texashistory.unt.edu/ark:/67531/metapth2399/
info:ark/67531/metapth2386,"History of Texas: From Its First Settlement in 1685 to Its Annexation to the United States in 1846, Volume 2","Book describing Texas history; this second volume is broken into 14 chapters covering the start of the Republic of Texas in 1835 through annexation by the U.S. in 1846, with a number of appendices containing supplementary information.",Texas -- History -- To 1846. | Places - Republic of Texas | Government and Law | People - Individuals | histories,"Yoakum, H. (Henderson K.), 1810-1856",1855,Book,Text,English,Redfield,,,"History of Texas: From Its First Settlement in 1685 to Its Annexation to the United States in 1846, Volume 2 [e-book], ark:/67531/metapth846124","1835/1846 | United States - Texas | The Republic of Texas, 1836-1846 | Annexation, 1844-1846",https://texashistory.unt.edu/ark:/67531/metapth2386/
info:ark/67531/metapth2400,[Texas Association Certificate],"Certificate of shareholding in ""The Texas Association."" The text of the document states that the recipient of the document is entitled to one share of stock in ""The Texas Association.""","certificates | Business, Economics and Finance",,1844-01-01,Text,Text,English,The Texas Association,Public,,,"United States - Texas | Annexation, 1844-1846 | 1844-01-01",https://texashistory.unt.edu/ark:/67531/metapth2400/
info:ark/67531/metapth2401,[Galveston Bay and Texas Land Company Certificate],"This document is signed Oct. 16, 1830 by Rodman Moulton, W[illiam] H. Sumner, Geo[rge] Curtis and W. M. Willson.",Government and Law - Legal Documents - Land Grants | Places - United States - Texas - Galveston County - Galveston,"Monlton, Rodman",1830-10-16,Text,Text,English,Galveston Bay and Texas Land Company,Public,,,"United States - Texas - Galveston County - Galveston | Mexican Texas, 1821-1835 | 1830-10-16",https://texashistory.unt.edu/ark:/67531/metapth2401/
info:ark/67531/metapth2402,"[New Arkansas and Texas Land Company : [share] no. 4514 : New York, 1833 April 29]","Land certificate from the New Arkansas and Texas Land Company in printed form on onionskin paper, completed in manuscript. Signed by trustees and clerk, including Thomas Ludlow Ogden, Daniel Jackson, Edward Curtis, and James S. Huggins.",certificates | shares | Government and Law - Legal Documents | Land grants -- Texas -- History -- 19th century -- Sources. | Texas -- Colonization.,"Davis, Sylvester | Higgins, James S. | Jackson, D.",1833-04-29,Text,1 leaf : onionskin paper ; 32 x 20 cm.,English,New Arkansas and Texas Land Company,Public,,,"United States - Texas | Mexican Texas, 1821-1835 | 1833-04-29",https://texashistory.unt.edu/ark:/67531/metapth2402/
info:ark/67531/metapth2387,Thoughts on the proposed annexation of Texas to the United States,A book containing Theodor Sedgwick’s opinions about the annexation of Texas to the United States. The book contains discussions of issues that arise if Texas is annexed to the United States Union. A couple of the issues addressed are slavery and diplomatic relations between Texas and Mexico.,Slavery -- United States -- Controversial literature -- 1844. | Texas -- Annexation to the United States. | Places - Republic of Texas | Social Life and Customs - Slavery,"Sedgwick, Theodore",1844-01-01,Book,Text,English,D. Fanshaw,,,,"Annexation, 1844-1846",https://texashistory.unt.edu/ark:/67531/metapth2387/
info:ark/67531/metapth2388,A new history of Texas for schools : also for general reading and for teachers preparing themselves for examination,Texas history textbook,Texas -- History | Education - Textbooks,"Pennybacker, Anna J. Hardwicke",1895,Book,Text,English,P. V. Pennybacker,,,,"Annexation, 1844-1846",https://texashistory.unt.edu/ark:/67531/metapth2388/
info:ark/67531/metapth2688,"[Photograph of Laura Jane, John, George, and Wood Goin]","Portrait of the Goin family in 1893. Laura Jane and Wood Goin sit in ornate chairs. The man holds a baby, George Goin, in his lap. A young man, John Goin, stands behind the group.","photographs | People - Family Groups | Goin, Laura Jane | Goin, John | Goin, George | Goin, Wood","Marable, Matthew M.",1893,Photograph,1 photograph : b&w,English,,Public,,,"United States - Texas - Denton County - Aubrey | New South, Populism, Progressivism, and the Great Depression, 1877-1939",https://texashistory.unt.edu/ark:/67531/metapth2688/
info:ark/67531/metapth2689,[Order of the Eastern Star Retirement Home in Arlington],"Photograph of the Order of the Eastern Star Retirement Home in Arlington, a two-story building with many windows. It was built in 1926.","Architecture - Buildings | Places - United States - Texas - Tarrant County | Architecture | Business, Economics and Finance - Medicine - Nursing Homes",,,Photograph,1 photograph : b&w,English,,Public,,,"United States - Texas - Tarrant County - Arlington | New South, Populism, Progressivism, and the Great Depression, 1877-1939 | northlimit=32.741970; eastlimit=-97.091975; southlimit=32.740649; westlimit=-97.094802;",https://texashistory.unt.edu/ark:/67531/metapth2689/
info:ark/67531/metapth2690,[Grapevine on House],Photograph of a grapevine growing across the front of a home. Ornamental woodwork is visible on the gables and eaves of the house. Lightning rods with weather vanes are visible on the roof. A picket fence stands in the foreground.,Social Life and Customs - Homes | Architecture - Buildings | Architecture | grapevines,,,Photograph,1 photograph : b&w,English,,Public,,,"United States - Texas - Denton County - Aubrey | New South, Populism, Progressivism, and the Great Depression, 1877-1939",https://texashistory.unt.edu/ark:/67531/metapth2690/
info:ark/67531/metapth2691,[Jim Goin with an Unidentified Woman],Portrait of Jim Goin and an unidentified woman smiling at each other.,"photographs | People - Individuals | Goin, James William | Places - United States - Texas - Denton County - Aubrey",,,Photograph,1 photograph : b&w,English,,Public,,,"United States - Texas - Denton County - Aubrey | New South, Populism, Progressivism, and the Great Depression, 1877-1939",https://texashistory.unt.edu/ark:/67531/metapth2691/
info:ark/67531/metapth2692,[Bobby Jack Goin and Lola June Goin with Unidentified Child],"Photograph of Bobby Jack Goin and Lola June Goin playing on a blanket with an unidentified child. Bent willow chairs, a potted plant, and a door are visible behind them.","photographs | People - Family Groups | People - Children | Goin, Bobby Jack | Goin, Lola June",,1942~,Photograph,1 photograph : b&w,English,,Public,,,"United States - Texas - Denton County - Aubrey | Into Modern Times, 1939-Present | 1942~",https://texashistory.unt.edu/ark:/67531/metapth2692/
info:ark/67531/metapth2693,[Horses and Buggy],Dark photograph of Wood Goin and another man on a horse-drawn cart.,"Business, Economics and Finance - Transportation - Horse-Drawn Vehicles | Goin, Wood | photographs | Places - United States - Texas - Denton County - Aubrey",,1911~,Photograph,1 photograph : b&w,English,,Public,,,"United States - Texas - Denton County - Aubrey | New South, Populism, Progressivism, and the Great Depression, 1877-1939 | 1911~",https://texashistory.unt.edu/ark:/67531/metapth2693/
info:ark/67531/metapth2694,[Photograph of George Campbell and Ada Campbell Blackwell],"Photograph of a dark-haired woman, Ada Campbell Goin, looking out of the driver's side window of an automobile while a man wearing a boater straw hat and striped tie, George Campbell, leans on the car's door.","Business, Economics and Finance - Transportation - Automobiles | People - Groups | Campbell, George | Goin, Ada Campbell",,,Photograph,1 photograph : b&w,English,,Public,,,"United States - Texas - Denton County - Aubrey | New South, Populism, Progressivism, and the Great Depression, 1877-1939",https://texashistory.unt.edu/ark:/67531/metapth2694/
info:ark/67531/metapth2695,[Wood Goin at the Alamo],"Photograph of Wood Goin wearing suit outside the Alamo in San Antonio, Texas.","portraits | photographs | Architecture - Landmarks - Alamo | Goin, Wood",,,Photograph,1 photograph : b&w,English,,Public,,,"United States - Texas - Bexar County - San Antonio | New South, Populism, Progressivism, and the Great Depression, 1877-1939",https://texashistory.unt.edu/ark:/67531/metapth2695/
info:ark/67531/metapth2696,[Photo of Wood Goin and John Smith],"Photograph of two men, Wood Goin and John Smith, standing in front of a building.","portraits | photographs | People - Individuals | Goin, Wood | Smith, John",,,Photograph,1 photograph : b&w,English,,Public,,,"United States - Texas - Denton County - Aubrey | New South, Populism, Progressivism, and the Great Depression, 1877-1939",https://texashistory.unt.edu/ark:/67531/metapth2696/
info:ark/67531/metapth2697,[Reina Goin in Model T],"Photograph of Reina Goin looking out the passenger window of a parked automobile, while a man stands leaning on the door, with one hand on the car's roof.","Business, Economics and Finance - Transportation - Automobiles | Goin, Reina | People - Individuals",,,Photograph,1 photograph : b&w,English,,Public,,,"United States - Texas - Denton County - Aubrey | New South, Populism, Progressivism, and the Great Depression, 1877-1939",https://texashistory.unt.edu/ark:/67531/metapth2697/
info:ark/67531/metapth2698,[Blackjack School],"Photograph of a frame building with a steeply pitched shingle roof, a chimney, and three windows. Chickens appear in the foreground.",Education - Schools - Buildings | Architecture | Places - United States - Texas - Denton County - Aubrey,,1910~,Photograph,1 photograph : b&w,English,,Public,,,"United States - Texas - Denton County - Aubrey | New South, Populism, Progressivism, and the Great Depression, 1877-1939 | 1910~",https://texashistory.unt.edu/ark:/67531/metapth2698/
info:ark/67531/metapth2699,"[Photograph of Giles Goin, 1943]","Portrait of Giles Goin as a young man, wearing a uniform.","portraits | People - Individuals | Goin, Giles | Military and War - Uniforms and Insignia",,1943,Photograph,1 photograph : b&w,English,,Public,,,"United States - Texas - Denton County - Aubrey | Into Modern Times, 1939-Present | 1943",https://texashistory.unt.edu/ark:/67531/metapth2699/
info:ark/67531/metapth2700,[Portrait of Giles V. Goin],Portrait of Giles V. Goin with an open book. This photo was taken during his 6th grade year.,"portraits | People - Individuals | Goin, Giles V.",,1930,Photograph,1 photograph : b&w,English,,Public,,,"United States - Texas - Denton County - Aubrey | New South, Populism, Progressivism, and the Great Depression, 1877-1939 | 1930",https://texashistory.unt.edu/ark:/67531/metapth2700/
info:ark/67531/metapth2702,[Photograph of an Embracing Couple],Photograph of Lillian and Reina Goin embracing on an outdoor bench.,"portraits | photographs | People - Individuals | Goin, Lillian | Goin, Reina",,,Photograph,1 photograph : b&w,English,,Public,,,"United States - Texas - Denton County - Aubrey | New South, Populism, Progressivism, and the Great Depression, 1877-1939",https://texashistory.unt.edu/ark:/67531/metapth2702/
info:ark/67531/metapth2703,[Goin Family Portrait],"Photograph of four women, a man, and a boy posing in front of a tractor and trees. They are, from left to right, Reina Goin, Blanche, Bill Jones, Erma and Aunt Buelah Stewart Jones.","portraits | photographs | Places - United States - Texas - Denton County - Aubrey | Goin, Reina | Jones, Bill | Stewart-Jones, Beulah | Agriculture - Farm Equipment - Tractors",,,Photograph,1 photograph : b&w,English,,Public,,,"United States - Texas - Denton County - Denton | Into Modern Times, 1939-Present",https://texashistory.unt.edu/ark:/67531/metapth2703/
info:ark/67531/metapth2705,[Photograph of Ina Doza Tucker and Reina Goin],Photograph of Ina Doza Tucker and Reina Goin standing outdoors in sunshine. A house is visible behind them.,"photographs | People - Groups | Tucker, Ina Doza | Goin, Reina",,,Photograph,1 photograph : b&w,English,,Public,,,"United States - Texas - Denton County - Aubrey | New South, Populism, Progressivism, and the Great Depression, 1877-1939",https://texashistory.unt.edu/ark:/67531/metapth2705/
info:ark/67531/metapth2706,[Abner C. Stewart and Family],"Photograph of the Stewart family posing in front of a frame building with two porches and a brick chimney. The family group consists of a boy sitting astride a horse next to a standing boy and man, a woman seated with a toddler in her lap, and two girls standing.","portraits | photographs | Springhill | Social Life and Customs - Families | Stewart, Abner C. | Stewart, Alvis | Stewart, Earl | Stewart, Lizzie | Stewart, Lois | Stewart, Bessie | Stewart, Beulah",,,Photograph,1 photograph : b&w,English,,Public,,,"United States - Texas - Denton County - Spring Hill | northlimit=33.305300; eastlimit=-96.986485; southlimit=33.304983; westlimit=-96.986609; | New South, Populism, Progressivism, and the Great Depression, 1877-1939",https://texashistory.unt.edu/ark:/67531/metapth2706/
info:ark/67531/metapth2707,[Granny Harmon's House],"Photograph of a house, with two women standing on the porch. Chickens are visible in the foreground.",Social Life and Customs - Homes | Architecture - Buildings | Architecture | Places - United States - Texas - Denton County - Aubrey | People | Agriculture - Domestic Animals - Poultry,,1910~,Photograph,1 photograph : b&w,English,,Public,,,"United States - Texas - Denton County - Aubrey | New South, Populism, Progressivism, and the Great Depression, 1877-1939 | 1910~",https://texashistory.unt.edu/ark:/67531/metapth2707/
info:ark/67531/metapth2710,[Morris Hotel],"Photograph of the Morris Hotel with four men, two women, a child and a dog posing on the first floor porch.","Architecture - Buildings | Business, Economics and Finance - Hotels | Morris Hotel | Places - United States - Texas - Denton County - Aubrey | People - Groups",,,Photograph,1 photograph : b&w,English,,Public,,,"United States - Texas - Denton County - Aubrey | New South, Populism, Progressivism, and the Great Depression, 1877-1939",https://texashistory.unt.edu/ark:/67531/metapth2710/
info:ark/67531/metapth2711,[Noah Jones At Family Picnic],Photograph of three men and three women with picnic foods and beverage bottles.,"photographs | People - Groups | Jones, Noah | Social Life and Customs - Customs - Picnics",,,Photograph,1 photograph : b&w,English,,Public,,,"United States - Texas - Denton County - Aubrey | New South, Populism, Progressivism, and the Great Depression, 1877-1939",https://texashistory.unt.edu/ark:/67531/metapth2711/
info:ark/67531/metapth2712,"[School Photograph, 1912]","School photograph featuring a woman with children posed in front of a brick building. More children can be seen in the window behind the group to the left. Jim Goin sits third from left, and Lillian Goin is second from the right in the front.","portraits | photographs | Education - Schools - Classes | Education - Schools - Buildings | Goin, James William | Goin, Lillian",,4/29/1912,Photograph,1 photograph : b&w,English,,Public,,,"United States - Texas - Denton County - Aubrey | New South, Populism, Progressivism, and the Great Depression, 1877-1939 | 1912-04-29",https://texashistory.unt.edu/ark:/67531/metapth2712/
info:ark/67531/metapth2713,[Meat Market at Old Grocery Store],"Photograph of seven men in front of the meat market and old grocery store in Aubrey, Texas. Four men are seated on the walkway, while three other men stand behind them. The men are identified as Will Harmon, Wood Goin, and Ashley, standing. The seated men are, from left to right, Robinson, Uncle Newt Reynolds, Dr. R. L. Burke, and J. L. Steele.","portraits | photographs | Business, Economics and Finance - Stores | Harmon, Will | Goin, Wood | Reynolds, Newt | Burke, R. L. | Steele, J. L.",,[1907..1917],Photograph,1 photograph : b&w,English,,Public,,,"United States - Texas - Denton County - Aubrey | New South, Populism, Progressivism, and the Great Depression, 1877-1939 | 1907/1917",https://texashistory.unt.edu/ark:/67531/metapth2713/
info:ark/67531/metapth2714,[Wesley Housden in Meat Market],"Photograph of Wesley Housden in a meat market with tools, scales, wrapping paper, a lamp, and a telephone. He is sharpening a knife.","butchers | Business, Economics and Finance - Stores - Meat Markets | knives | Housden, Wesley | photographs | Places - United States - Texas - Denton County - Aubrey",,1894,Photograph,1 photograph : b&w,English,,Public,,,"United States - Texas - Denton County - Aubrey | New South, Populism, Progressivism, and the Great Depression, 1877-1939 | 1894",https://texashistory.unt.edu/ark:/67531/metapth2714/
info:ark/67531/metapth2715,[Photograph of a Young Boy],"Photograph of an outdoor portrait of a young man wearing a high starched collar, vest, and sleeve garters. Wood-sided buildings are visible in the background.",portraits | People - Individuals | Places - United States - Texas - Denton County - Aubrey,,,Photograph,1 photograph : b&w,English,,Public,,,"United States - Texas - Denton County - Aubrey | New South, Populism, Progressivism, and the Great Depression, 1877-1939",https://texashistory.unt.edu/ark:/67531/metapth2715/
info:ark/67531/metapth2716,"[Photograph of Jim, Joe, and Lillian Goin]","Photograph of Jim, Joe, and Lillian Goin sitting in a horse-drawn, two-wheeled buggy.","Business, Economics and Finance - Transportation - Horse-Drawn Vehicles | Places - United States - Texas - Denton County - Aubrey | Agriculture - Domestic Animals - Horses | Goin, Lillian | Goin, James William | Goin, Joe",,1910~,Photograph,1 photograph : b&w,English,,Public,,,"United States - Texas - Denton County - Aubrey | New South, Populism, Progressivism, and the Great Depression, 1877-1939 | 1910~",https://texashistory.unt.edu/ark:/67531/metapth2716/
info:ark/67531/metapth2717,[Man and Woman in Front of House],"Photograph of Jim and Lillian Goin standing in front of a house. The man is wearing a high starched collar, vest, sleeve garters, and hat. The woman wears a dress and high laced boots.","photographs | People | Goin, James William | Goin, Lillian | houses",,,Photograph,1 photograph : b&w,English,,Public,,,"United States - Texas - Denton County - Aubrey | New South, Populism, Progressivism, and the Great Depression, 1877-1939",https://texashistory.unt.edu/ark:/67531/metapth2717/
info:ark/67531/metapth2718,[Jim Goin and Joe Goin in 1910],"Photograph of Jim and Joe Goin standing in front of trees and a fence. The boy holds a goat, while the young man holds a rope tied to the bridle of a horse.","photographs | Agriculture - Domestic Animals - Goats | Goin, James William | Goin, Joe",,1910,Photograph,1 photograph : b&w,English,,Public,,,"United States - Texas - Denton County - Aubrey | New South, Populism, Progressivism, and the Great Depression, 1877-1939 | 1910",https://texashistory.unt.edu/ark:/67531/metapth2718/
info:ark/67531/metapth2719,[Jim Goin and Joe Goin in Farm Field],"Photograph of a barefoot boy wearing overalls and a straw hat, standing in a field in front of two mules harnessed to farm equipment. Another boy sits on the equipment behind the mules.","Agriculture - Farming | Agriculture - Farm Equipment | Agriculture - Domestic Animals - Mules | Goin, James William | Goin, Joe",,,Photograph,1 photograph : b&w,English,,Public,,,"United States - Texas - Denton County - Aubrey | New South, Populism, Progressivism, and the Great Depression, 1877-1939",https://texashistory.unt.edu/ark:/67531/metapth2719/
info:ark/67531/metapth2721,[Morning After Tornado],"Photograph of storm-damaged buildings. In the foreground are pedestrians, riders, wagons, carriages, horses, and mules. A tornado had touched Aubrey and many other North Texas communities on the evening of April 14, 1918.",photographs | damage | Architecture - Buildings | Landscape and Nature - Natural Disasters - Tornadoes | Places - United States - Texas - Denton County - Aubrey,,4/15/1918,Photograph,1 photograph : b&w,English,,Public,,,"United States - Texas - Denton County - Aubrey | New South, Populism, Progressivism, and the Great Depression, 1877-1939 | 1918-04-15",https://texashistory.unt.edu/ark:/67531/metapth2721/
info:ark/67531/metapth2723,[Giles V. Goin In Uniform],"Photograph of Giles V. Goin in uniform, standing on a dirt road. A fence is visible behind him.","Military and War - Uniforms and Insignia | Military and War - Personnel | Goin, Giles V. | Places - United States - Texas - Denton County - Aubrey",,,Photograph,1 photograph : b&w,English,,Public,,,"United States - Texas - Denton County - Aubrey | Into Modern Times, 1939-Present",https://texashistory.unt.edu/ark:/67531/metapth2723/
info:ark/67531/metapth2724,[Jim Goin and Fred Cummings Delivering Ice],"Photograph of Jim Goin and Fred Cummings delivering ice. One of them holds a large block of ice in tongs and stands in front of an enclosed wagon. To his left, the other man, outfitted with a toolbelt and pole-climbing gear, leans against the bumper of a motor vehicle.","wagons | Business, Economics and Finance - Transportation - Automobiles | Cummings, Fred | Goin, James William",,,Photograph,1 photograph : b&w,English,,Public,,,"United States - Texas - Denton County - Aubrey | New South, Populism, Progressivism, and the Great Depression, 1877-1939",https://texashistory.unt.edu/ark:/67531/metapth2724/
info:ark/67531/metapth2725,[Photograph of Grandma Kingsbury],"Portrait of an elderly woman, Grandma Kingsbury, standing in front of a tree. A fence and bucket are visible to the left.",portraits | People - Individuals | grandmothers | trees,,,Photograph,1 photograph : b&w,English,,Public,,,"United States - Texas - Denton County - Aubrey | New South, Populism, Progressivism, and the Great Depression, 1877-1939",https://texashistory.unt.edu/ark:/67531/metapth2725/
info:ark/67531/metapth2726,[Photo of Wood Goin & Lillian Goin],Portrait of a middle-aged Wood Goin and a young Lillian Goin. Lillian has her arms around Wood's neck. Trees are visible in the background.,"portraits | photographs | People - Individuals | Goin, Wood | Goin, Lillian",,1914,Photograph,1 photograph : b&w,English,,Public,,,"United States - Texas - Denton County - Aubrey | New South, Populism, Progressivism, and the Great Depression, 1877-1939 | 1914",https://texashistory.unt.edu/ark:/67531/metapth2726/
info:ark/67531/metapth2727,[School at Aubrey],"Photograph of a group of school boys and girls, and an adult, standing in front of a brick building. Lillian Goin is in the front row, while Jim Goin and Martha Mullins are in the second, and Garland Wilson is in the third.","portraits | photographs | Education - Schools - Classes | Goin, James William | Goin, Lillian | Mullins, Martha Hodge | Wilson, Garland",,,Photograph,1 photograph : b&w,English,,Public,,,"United States - Texas - Denton County - Aubrey | New South, Populism, Progressivism, and the Great Depression, 1877-1939",https://texashistory.unt.edu/ark:/67531/metapth2727/
info:ark/67531/metapth2728,[Dyche Family in Snow],Photograph of a man standing on a porch. Another man and two women stand in the snow to the left. The man on the porch may be Johnny Dyche.,"portraits | People - Family Groups | Dyche, Johnny | winter",,1950~,Photograph,1 photograph : b&w,English,,Public,,,"United States - Texas - Potter County - Amarillo | Into Modern Times, 1939-Present | 1950~",https://texashistory.unt.edu/ark:/67531/metapth2728/
info:ark/67531/metapth2730,[Old Trixie],"Photograph of a dog, named Old Trixie, standing in an open doorway. Two women and a baby appear in the background. On the right are cases of bottled 7-Up and other soft drinks.",Social Life and Customs - Pets - Dogs | soda | People - Individuals | photographs,,1947,Photograph,1 photograph : b&w,English,,Public,,,"United States - Texas - Denton County - Aubrey | Into Modern Times, 1939-Present",https://texashistory.unt.edu/ark:/67531/metapth2730/
info:ark/67531/metapth2731,[Bouncer Goin in 1944],Portrait of a smiling Bouncer Goin as a boy in 1944.,"portraits | People - Individuals | Goin, Bouncer",,1944,Photograph,1 photograph : b&w,English,,Public,,,"United States - Texas - Denton County - Aubrey | Into Modern Times, 1939-Present | 1944",https://texashistory.unt.edu/ark:/67531/metapth2731/
info:ark/67531/metapth2733,[Photo of Floy Jones],"Portrait of Floy Jones wearing a standing collar uniform coat, standing in profile.","portraits | photographs | Military and War - Uniforms and Insignia | Jones, Floy",,[1914..1918],Photograph,1 photograph : b&w,English,,Public,,,"United States - Texas - Denton County - Aubrey | New South, Populism, Progressivism, and the Great Depression, 1877-1939 | 1914/1918",https://texashistory.unt.edu/ark:/67531/metapth2733/
info:ark/67531/metapth2734,[Photograph of George Harmon],"Portrait of George Harmon as a baby. He wears a white gown, and is seated in a chair.","People - Children | Harmon, George | People - Individuals",,,Photograph,1 photograph : b&w,English,,Public,,,"United States - Texas - Denton County - Aubrey | New South, Populism, Progressivism, and the Great Depression, 1877-1939",https://texashistory.unt.edu/ark:/67531/metapth2734/
info:ark/67531/metapth2735,[Unidentified Boy With Crate and Washtub],"Outdoor photograph of a boy wearing overalls and leaning on a wooden crate. Behind him, a washtub and wooden building are visible.",portraits | photographs | People - Children | Architecture - Buildings,,1904~,Photograph,1 photograph : b&w,English,,Public,,,"United States - Texas - Denton County - Aubrey | New South, Populism, Progressivism, and the Great Depression, 1877-1939 | 1904~",https://texashistory.unt.edu/ark:/67531/metapth2735/
info:ark/67531/metapth2736,[Aubrey Christian Church on Main Street North],Photograph of a group of adults and children posing in front of a frame church building.,photographs | Religion - Churches | People - Groups | Places - United States - Texas - Denton County - Aubrey,,1918~,Photograph,1 photograph : b&w,English,,Public,,,"United States - Texas - Denton County - Aubrey | New South, Populism, Progressivism, and the Great Depression, 1877-1939 | 1918~",https://texashistory.unt.edu/ark:/67531/metapth2736/
info:ark/67531/metapth2737,[Aubrey School During 1908],"Photograph of a two-story brick school building with tall windows, a chimney, and a tower.",Aubrey School | photographs | Education - Schools - Buildings | Places - United States - Texas - Denton County - Aubrey,,1908,Photograph,1 photograph : b&w,English,,Public,,,"United States - Texas - Denton County - Aubrey | New South, Populism, Progressivism, and the Great Depression, 1877-1939 | 1908",https://texashistory.unt.edu/ark:/67531/metapth2737/
info:ark/67531/metapth2739,[Guards For a Whiskey Still],"Photograph of two young men holding shotguns, with pistols in their belts. A dog stands in front of them, and bushes and trees are in the background.",People - Individuals | photographs | guns | Military and War - Weapons,,,Photograph,1 photograph : b&w,English,,Public,,,"United States - Texas - Denton County - Aubrey | New South, Populism, Progressivism, and the Great Depression, 1877-1939",https://texashistory.unt.edu/ark:/67531/metapth2739/
info:ark/67531/metapth2740,[Photograph of Beulah McNatt and Sissy Mitchell],"Portrait of two women, Beulah McNatt and Sissy Mitchell, leaning their heads together.","portraits | People - Groups | Mitchell, Sissy | McNatt, Beulah",,,Photograph,1 photograph : b&w,English,,Public,,,"United States - Texas - Denton County - Aubrey | New South, Populism, Progressivism, and the Great Depression, 1877-1939",https://texashistory.unt.edu/ark:/67531/metapth2740/
info:ark/67531/metapth2741,[Woman Beside an Automobile],"Photograph of a woman, wearing an overcoat and a hat, standing beside an automobile parked on an unpaved road.","Business, Economics and Finance - Transportation - Automobiles | People | photographs | Places - United States - Texas - Denton County - Aubrey",,,Photograph,1 photograph : b&w,English,,Public,,,"United States - Texas - Denton County - Aubrey | New South, Populism, Progressivism, and the Great Depression, 1877-1939",https://texashistory.unt.edu/ark:/67531/metapth2741/
info:ark/67531/metapth2742,"[Sam, Otis, and Barney Mundy on Fence]","Photograph of three young men, Sam Mundy, Otis Mundy, and Barney Mundy. Two are sitting on a picket fence, while one stands behind with his arms over the others' shoulders.","portraits | photographs | People - Groups | fences | Mundy, Otis | Mundy, Barney | Mundy, Sam",,,Photograph,1 photograph : b&w,English,,Public,,,"United States - Texas - Denton County - Aubrey | New South, Populism, Progressivism, and the Great Depression, 1877-1939",https://texashistory.unt.edu/ark:/67531/metapth2742/
info:ark/67531/metapth2743,[Jim Goin in Uniform],"Photograph of Jim Goin in uniform, standing in front of a shrub, beside a wooden structure.","portraits | People - Individuals | Military and War - Wars - World War I | Military and War - Personnel | Goin, James William | Military and War - Uniforms and Insignia",,,Photograph,1 photograph : b&w,English,,Public,,,"United States - Texas - Denton County - Aubrey | New South, Populism, Progressivism, and the Great Depression, 1877-1939 | 1918",https://texashistory.unt.edu/ark:/67531/metapth2743/
info:ark/67531/metapth2744,[Bob Goin and Unidentified Man],"Photograph of Bob Goin and an unidentified man, both wearing hats and overalls. The men are standing outdoors in front of an automobile. The man on the left smokes a pipe.","Business, Economics and Finance - Transportation - Automobiles | Goin, Bobby Jack | People | Places - United States - Texas - Denton County - Aubrey",,,Photograph,1 photograph : b&w,English,,Public,,,"United States - Texas - Denton County - Aubrey | New South, Populism, Progressivism, and the Great Depression, 1877-1939",https://texashistory.unt.edu/ark:/67531/metapth2744/
info:ark/67531/metapth2746,[Photograph of Giles & Eileen],"Photograph of a man and woman, identified as Giles and Eileen, standing on grass outdoors. Visible in the background are a building, trees, and a mobile home or trailer.",portraits | People - Groups | Places - United States - Texas - Denton County - Aubrey,,1948,Photograph,1 photograph : b&w,English,,Public,,,"United States - Texas - Denton County - Aubrey | Into Modern Times, 1939-Present | 1948",https://texashistory.unt.edu/ark:/67531/metapth2746/
info:ark/67531/metapth2747,[Pete Tobin and John Mountain on Main Street],"Photograph of two men, Pete Tobin and John Mountain, in suits and hats, walking past each other on an unpaved street. A wooden building that houses a meat market appears in the background.","photographs | People - Individuals | meat markets | Places - United States - Texas - Denton County - Aubrey | Tobin, Pete | Mountain, John",,[1890..1915],Photograph,1 photograph : b&w,English,,Public,,,"United States - Texas - Denton County - Aubrey | New South, Populism, Progressivism, and the Great Depression, 1877-1939 | 1890 | 1915",https://texashistory.unt.edu/ark:/67531/metapth2747/
info:ark/67531/metapth2748,[Aubrey High and Elementary Schools],Photograph of school building with two school buses parked to the right. There are a few small trees and a puddle in front of the building.,Education - Schools | school buses | Aubrey High School | Aubrey Elementary School | photographs | Education - Schools - Buildings,,1954,Photograph,1 photograph : b&w,English,,Public,,,"United States - Texas - Denton County - Aubrey | Into Modern Times, 1939-Present | 1954",https://texashistory.unt.edu/ark:/67531/metapth2748/
info:ark/67531/metapth2704,[Remodeled Building],Photograph of a remodeled red building with white door and windows.,Architecture - Buildings | photographs | Places - United States - Texas - Denton County - Aubrey | Architecture,"Bruce, W. C.",,Photograph,1 photograph : col.,English,,Public,,,"United States - Texas - Denton County - Aubrey | Into Modern Times, 1939-Present",https://texashistory.unt.edu/ark:/67531/metapth2704/
info:ark/67531/metapth2750,[The Mullins Hotel],Photograph of men and women standing on first and second level porches of the Mullins Hotel. Children stand in the front yard. Decorative woodwork is featured on the gable and lightning rods with weather vanes are on the roof of the building.,"Architecture - Buildings | Mullins Hotel | Places - United States - Texas - Denton County - Aubrey | Business, Economics and Finance - Hotels",,1900~,Photograph,1 photograph : b&w,English,,Public,,,"United States - Texas - Denton County - Aubrey | New South, Populism, Progressivism, and the Great Depression, 1877-1939 | 1900~",https://texashistory.unt.edu/ark:/67531/metapth2750/
info:ark/67531/metapth2751,[Peanut Dryer],"Photograph of a peanut drying facility next to railroad tracks. According to the U.S. Census of Agriculture, Denton county had 3,947 acres planted in peanuts in 1992.",Architecture - Buildings | Places - United States - Texas - Denton County - Aubrey | photographs | Agriculture - Farming - Peanuts,,1990,Photograph,1 photograph : b&w,English,,Public,,,"United States - Texas - Denton County - Aubrey | Into Modern Times, 1939-Present | 1990",https://texashistory.unt.edu/ark:/67531/metapth2751/
info:ark/67531/metapth2752,[Truck in a Lumberyard],"Photograph of a truck in a fenced yard, in front of a storage shed. Some houses and trees are visible in the background.","Business, Economics and Finance - Transportation - Automobiles | Business, Economics and Finance - Stores | Places - United States - Texas - Denton County - Aubrey | Business, Economics and Finance - Stores - Lumber Yards",,[1961..1962],Photograph,1 photograph : b&w,English,,Public,,,"United States - Texas - Denton County - Aubrey | Into Modern Times, 1939-Present | 1961/1962",https://texashistory.unt.edu/ark:/67531/metapth2752/
info:ark/67531/metapth2753,[Main Street after the Tornado],"Photograph of buildings damaged by a tornado. The destroyed structure was the carriage building for Grey's Furniture and the undertaker. The house next to it belonged to the Ratchford family. A tornado had touched Aubrey and many other North Texas communities on the evening of April 14, 1918.",Architecture - Buildings | Places - United States - Texas - Denton County - Aubrey | photographs | debris | Landscape and Nature - Natural Disasters - Tornadoes,,4/15/1918,Photograph,1 photograph : b&w,English,,Public,,,"United States - Texas - Denton County - Aubrey | New South, Populism, Progressivism, and the Great Depression, 1877-1939 | 1918-04-15",https://texashistory.unt.edu/ark:/67531/metapth2753/
info:ark/67531/metapth2754,[Ruins of Methodist Church],"Photograph of the ruins of a Methodist church in Aubrey after a tornado. Houses, including the home of Dr. Bate, are visible in the background, and there is a great deal of debris on the ground.",Places - United States - Texas - Denton County - Aubrey | photographs | Landscape and Nature - Natural Disasters - Tornadoes | damage | Architecture - Buildings | Religion - Churches | debris,"Parsons, Randy",4/15/1918,Photograph,1 photograph : b&w,English,,Public,,,"United States - Texas - Denton County - Aubrey | New South, Populism, Progressivism, and the Great Depression, 1877-1939 | 1918-04-15",https://texashistory.unt.edu/ark:/67531/metapth2754/
info:ark/67531/metapth2755,[Ruins of Christian Church],"Photograph of the building of Christian Church in Aubrey, which has been flattened. The steeple remains upright, but the roof is resting on the ground. A tornado had touched Aubrey and many other North Texas communities on the evening of April 14, 1918.",Christian Church | Places - United States - Texas - Denton County - Aubrey | Landscape and Nature - Natural Disasters - Tornadoes | debris | Architecture - Buildings | Religion - Churches,,4/15/1918,Photograph,1 photograph : b&w,English,,Public,,,"United States - Texas - Denton County - Aubrey | New South, Populism, Progressivism, and the Great Depression, 1877-1939 | 1918-04-15",https://texashistory.unt.edu/ark:/67531/metapth2755/
info:ark/67531/metapth2756,[Ruins of Christian Church on Main Street],"Photograph of a flattened church building. The steeple remains upright, but the roof is resting on the ground. A tornado had touched Aubrey and many other North Texas communities on the evening of April 14, 1918.",Places - United States - Texas - Denton County - Aubrey | Christian Church | debris | Architecture - Buildings | Religion - Churches | Landscape and Nature - Natural Disasters - Tornadoes,,4/15/1918,Photograph,1 photograph : b&w,English,,Public,,,"United States - Texas - Denton County - Aubrey | New South, Populism, Progressivism, and the Great Depression, 1877-1939 | 1918-04-15",https://texashistory.unt.edu/ark:/67531/metapth2756/
info:ark/67531/metapth2757,"[House With Storm Debris, 1918]","Photograph of a frame house with brick debris on the roof and in the yard. In the foreground, textiles dry on a clothesline. In the background, a woman stands beyond the corner of the house. Built before 1885, this house was the home of Wood Goin in the early twentieth century. A tornado had touched Aubrey and many other North Texas communities on the evening of April 14, 1918.",Architecture - Buildings | Social Life and Customs - Homes | Places - United States - Texas - Denton County - Aubrey | Landscape and Nature - Natural Disasters - Tornadoes,,4/14/1918,Photograph,1 photograph : b&w,English,,Public,,,"United States - Texas - Denton County - Aubrey | New South, Populism, Progressivism, and the Great Depression, 1877-1939 | 1918-04-14",https://texashistory.unt.edu/ark:/67531/metapth2757/
info:ark/67531/metapth2758,"[Main Street after the Tornado, 1918]","Photograph of buildings damaged by a tornado. The destroyed structure was the carriage building for Grey's Furniture and the undertaker. It has been turned upside down by a tornado that had touched Aubrey and many other North Texas communities on the evening of April 14, 1918.",Places - United States - Texas - Denton County - Aubrey | Main Street | photographs | debris | Architecture - Buildings | Landscape and Nature - Natural Disasters - Tornadoes,,4/14/1918,Photograph,1 photograph : b&w,English,,Public,,,"United States - Texas - Denton County - Aubrey | New South, Populism, Progressivism, and the Great Depression, 1877-1939 | 1918-04-14",https://texashistory.unt.edu/ark:/67531/metapth2758/
info:ark/67531/metapth2759,[Morning After Tornado],"Photograph of pedestrians and passengers in horse-drawn carriages and wagons viewing storm damage. Mullins Hotel is visible in the background on the left. The depot is in the upper right. The lumberyard, rolls of barbed wire, and the hardware store are all visible. A tornado had touched Aubrey and many other North Texas communities on the evening of April 14, 1918.",Landscape and Nature - Natural Disasters - Tornadoes | Architecture - Buildings | photographs | Places - United States - Texas - Denton County - Aubrey,"Jones, Ed",4/15/1918,Photograph,1 photograph : b&w,English,,Public,,,"United States - Texas - Denton County - Aubrey | New South, Populism, Progressivism, and the Great Depression, 1877-1939 | 1918-04-15",https://texashistory.unt.edu/ark:/67531/metapth2759/
info:ark/67531/metapth2760,[Storm Debris Next to Log House],"Photograph of debris scattered around a log house. A person stands in the wreckage, in front of a tree. A tornado had touched Aubrey and many other North Texas communities on the evening of April 14, 1918.",Social Life and Customs - Homes | Places - United States - Texas - Denton County - Aubrey | Architecture - Buildings | debris | Landscape and Nature - Natural Disasters - Tornadoes,,4/15/1918,Photograph,1 photograph : b&w,English,,Public,,,"United States - Texas - Denton County - Aubrey | New South, Populism, Progressivism, and the Great Depression, 1877-1939 | 1918-04-15",https://texashistory.unt.edu/ark:/67531/metapth2760/
info:ark/67531/metapth2762,[Storm Debris and Donkey],"Photograph of storm debris facing south. On the left a donkey is visible. Buildings at the center back survived the storm and continued to be used. A tornado had touched Aubrey and many other North Texas communities on the evening of April 14, 1918.",Places - United States - Texas - Denton County - Aubrey | Agriculture - Domestic Animals - Donkeys | photographs | Landscape and Nature - Natural Disasters - Tornadoes | debris | Architecture - Buildings,,4/15/1918,Photograph,1 photograph : b&w,English,,Public,,,"United States - Texas - Denton County - Aubrey | New South, Populism, Progressivism, and the Great Depression, 1877-1939 | 1918-04-15",https://texashistory.unt.edu/ark:/67531/metapth2762/
info:ark/67531/metapth2763,"[Musgrove Home, 1918]","Photograph of a two-story house surrounded by trees. Damage to the fence and the second floor porch is evident. Storm debris is visible in the foreground. A tornado had touched Aubrey and many other North Texas communities on the evening of April 14, 1918.",Architecture - Buildings | Social Life and Customs - Homes | Places - United States - Texas - Denton County - Aubrey | debris | Landscape and Nature - Natural Disasters - Tornadoes,,4/15/1918,Photograph,1 photograph : b&w,English,,Public,,,"United States - Texas - Denton County - Aubrey | New South, Populism, Progressivism, and the Great Depression, 1877-1939 | 1918-04-15",https://texashistory.unt.edu/ark:/67531/metapth2763/
info:ark/67531/metapth2771,[McCarson House After 1918 Tornado],"Photograph of the ruins of the McCarson house following a tornado in 1918. Two men work on the damaged roof of the house, while another man stands in the yard. Three automobiles are parked in front of the house, and a horse is tethered to a fence in the background.","Social Life and Customs - Homes | Places - United States - Texas - Denton County - Aubrey | Business, Economics and Finance - Transportation - Automobiles | Landscape and Nature - Natural Disasters - Tornadoes | debris",,4/15/1918,Photograph,1 photograph : b&w,English,,Public,,,"United States - Texas - Denton County - Aubrey | New South, Populism, Progressivism, and the Great Depression, 1877-1939 | 1918-04-15",https://texashistory.unt.edu/ark:/67531/metapth2771/
info:ark/67531/metapth2774,"[Storm Debris, 1918]","Photograph of storm debris, with two houses in the background. The house on the right was owned by Granny Mullins. The house on the left was owned by Wesley and Axia Housden. A tornado had touched Aubrey and many other North Texas communities on the evening of April 14, 1918.",Aubrey (Tex.) -- History -- Pictorial Works. | Denton County (Tex.) -- History -- Pictorial Works. | Places - United States - Texas - Denton County - Aubrey | photographs | Landscape and Nature - Natural Disasters - Tornadoes | debris | Architecture - Buildings,,4/15/1918,Photograph,1 photograph : b&w,English,,Public,,,"United States - Texas - Denton County - Aubrey | New South, Populism, Progressivism, and the Great Depression, 1877-1939 | 1918-04-15",https://texashistory.unt.edu/ark:/67531/metapth2774/
info:ark/67531/metapth2775,[Storm Debris and Chairs],"Photograph of two men standing in the middle of a debris field, with wrecked buildings visible behind them. Two chairs and a damaged brick wall are in front of them. A tornado had touched Aubrey and many other North Texas communities on the evening of April 14, 1918.",Places - United States - Texas - Denton County - Aubrey | photographs | Landscape and Nature - Natural Disasters - Tornadoes | ruins | debris | Architecture - Buildings,,4/15/1918,Photograph,1 photograph : b&w,English,,Public,,,"United States - Texas - Denton County - Aubrey | New South, Populism, Progressivism, and the Great Depression, 1877-1939 | 1918-04-15",https://texashistory.unt.edu/ark:/67531/metapth2775/
info:ark/67531/metapth2776,[McCarson House After 1918 Tornado],"Photograph of a house with a damaged roof, surrounded by debris. Part of a windmill is visible in the foreground. A tornado touched Aubrey and many other North Texas communities on the evening of April 14, 1918.",Places - United States - Texas - Denton County - Aubrey | photographs | Landscape and Nature - Natural Disasters - Tornadoes | debris | Architecture - Buildings,,4/15/1918,Photograph,1 photograph : b&w,English,,Public,,,"United States - Texas - Denton County - Aubrey | New South, Populism, Progressivism, and the Great Depression, 1877-1939 | 1918-04-15",https://texashistory.unt.edu/ark:/67531/metapth2776/
info:ark/67531/metapth2777,[Jim Goin with Soldiers],"Photograph of three rows of men in uniform, including Jim Goin, who is the sixth from the top right. There are two tents and a branch-covered shelter behind them.","Goin, James William | Military and War - Personnel | tents | Places - United States - Florida",,,Photograph,1 photograph : b&w,English,,Public,,,"United States - Florida - Duval County - Jacksonville | New South, Populism, Progressivism, and the Great Depression, 1877-1939",https://texashistory.unt.edu/ark:/67531/metapth2777/
info:ark/67531/metapth2778,[People Outside Christian Church],"Photograph of five men and five women posing in front of a frame church building in Aubrey, Texas. The women are identified as Lillie Coffey, Annie Mullins, Martha Hodge Mullins, and Mary MacIntosh.","portraits | Places - United States - Texas - Denton County - Aubrey | People - Groups | Religion - Churches | Coffey, Lillie | Mullins, Annie | Mullins, Martha Hodge | MacIntosh, Mary",,1918~,Photograph,1 photograph : b&w,English,,Public,,,"United States - Texas - Denton County - Aubrey | New South, Populism, Progressivism, and the Great Depression, 1877-1939 | 1918~",https://texashistory.unt.edu/ark:/67531/metapth2778/
info:ark/67531/metapth2779,[Photograph of Noah Edwards' Home],Photograph of a group of adults and children in front of Noah Edwards' house.,"Edwards, Noah | Social Life and Customs - Homes | People - Groups",,,Photograph,1 photograph : b&w,English,,Public,,,"United States - Texas - Denton County - Aubrey | New South, Populism, Progressivism, and the Great Depression, 1877-1939",https://texashistory.unt.edu/ark:/67531/metapth2779/
info:ark/67531/metapth2780,[Photograph of George Campbell and Sally Goin],"Photograph of a man and woman, George Campbell and Sally Goin, looking out of the windows of an automobile.","People - Individuals | Campbell, Sally Goin | Campbell, George | Business, Economics and Finance - Transportation - Automobiles",,,Photograph,1 photograph : b&w,English,,Public,,,"United States - Texas - Denton County - Aubrey | New South, Populism, Progressivism, and the Great Depression, 1877-1939",https://texashistory.unt.edu/ark:/67531/metapth2780/
info:ark/67531/metapth2781,[Children By Pond],"Photograph of five children sitting at the edge of a pond. Trees, buildings, and a fence are visible behind them.",Places - United States - Texas - Denton County - Aubrey | photographs | People - Groups | People - Children | Landscape and Nature - Water - Ponds,,1918,Photograph,1 photograph : b&w,English,,Public,,,"United States - Texas - Denton County - Aubrey | New South, Populism, Progressivism, and the Great Depression, 1877-1939 | 1918",https://texashistory.unt.edu/ark:/67531/metapth2781/
info:ark/67531/metapth2782,[Unidentified Child near Wood Goin's barn],"Photograph of a little girl standing beside a small tree. She wears a large bow in her hair and holds a piece of paper in her hands. Behind her, farmland and a barn belonging to Wood Goin are visible.","portraits | photographs | People - Children | Agriculture - Processing and Storage - Barns | Goin, Wood",,,Photograph,1 photograph : b&w,English,,Public,,,"United States - Texas - Denton County - Aubrey | New South, Populism, Progressivism, and the Great Depression, 1877-1939",https://texashistory.unt.edu/ark:/67531/metapth2782/
info:ark/67531/metapth2783,[Photograph of Arthur Harmon & Granny Rachel],Photograph of Arthur Harmon and an elderly woman identified as Granny Rachel posing outdoors. Bushes and trees are visible in the background.,"portraits | Harmon, Arthur | photographs | People - Family Groups | Places - United States - Texas - Denton County - Aubrey",,[1920..1925],Photograph,1 photograph : b&w,English,,Public,,,"United States - Texas - Denton County - Aubrey | New South, Populism, Progressivism, and the Great Depression, 1877-1939 | 1920/1925",https://texashistory.unt.edu/ark:/67531/metapth2783/
info:ark/67531/metapth2784,[Sarah Housden and Lillie Nations on Bridge],"Photograph of Sarah Housden and Lillie Nations in uniform, standing on a stone or cement bridge over a stream. Many trees appear in the background.","portraits | Nations, Lillie | photographs | People - Groups | Housden, Sarah | Architecture - Civil Works - Bridges | Military and War - Uniforms and Insignia",,,Photograph,1 photograph : b&w,English,,Public,,,"United States - Texas - Denton County - Aubrey | Into Modern Times, 1939-Present",https://texashistory.unt.edu/ark:/67531/metapth2784/
info:ark/67531/metapth2785,"[Portrait of Beulah Goin, Sally Goin Campbell, and Laura J. Goin]","Photograph of Beulah Goin, Sally Goin Campbell, Laura J. Goin, and an unidentified woman posing outdoors. Trees are visible in the background.","portraits | Goin, Beulah | Campbell, Sally Goin | People - Family Groups | Goin, Laura Jane | Places - United States - Texas - Denton County - Aubrey",,,Photograph,1 photograph : b&w,English,,Public,,,"United States - Texas - Denton County - Aubrey | New South, Populism, Progressivism, and the Great Depression, 1877-1939",https://texashistory.unt.edu/ark:/67531/metapth2785/
info:ark/67531/metapth2786,[Men at Trailer Camp],"Photograph of six smiling men, identified as Ted Emmons, Lewis Ashby, Jim Goin, Joe Ashcraft, a cousin to the Ashcrafts, and Earl Ashcraft. The building behind them is labeled ""Jim Goin Trailer camp."" Cabins and trees are visible in the background. The trailer camp was located at 2804 N. Elm Street in Denton, Texas.","portraits | trailer camps | photographs | People - Groups | Emmons, Ted | Goin, James William | Ashcraft, Joe | Ashcraft, Earl | Ashby, Lewis",,4/15/1958,Photograph,1 photograph : b&w,English,,Public,,,"United States - Texas - Denton County - Denton | Into Modern Times, 1939-Present | 1958-04-15",https://texashistory.unt.edu/ark:/67531/metapth2786/
info:ark/67531/metapth2787,[Photograph of the Wood Family],"Photograph of a couple and two girls and one boy in front of an automobile near the Goin Tourist Cabins at 2804 N. Elm Street in Denton, Texas. A building in the background is labeled ""Goin"". The family are identified as Linda, June, James, Lola Mae and Giles Wood.","Wood, Lola Mae | Wood, Giles | Wood, James | Wood, June | Wood, Linda | Business, Economics and Finance - Transportation - Automobiles | People - Family Groups",,[1944..1946],Photograph,1 photograph : b&w,English,,Public,,,"United States - Texas - Denton County - Denton | Into Modern Times, 1939-Present | 1944/1946",https://texashistory.unt.edu/ark:/67531/metapth2787/
info:ark/67531/metapth2788,[Photograph of Joe G. Powledge],Photograph of Joe G. Powledge holding some paper in his hands. Buildings and bushes are visible in the background.,"Powledge, Joe G. | photographs | People - Individuals | Places - United States - Texas - Denton County - Aubrey",,[1920..1924],Photograph,1 photograph : b&w,English,,Public,,,"United States - Texas - Denton County - Aubrey | New South, Populism, Progressivism, and the Great Depression, 1877-1939 | 1920/1924",https://texashistory.unt.edu/ark:/67531/metapth2788/
info:ark/67531/metapth2789,[Aubrey School Classes],"Photograph of a group of boys, girls, and adults posed in front of a brick school building.",Places - United States - Texas - Denton County - Aubrey | Architecture - Buildings | Education - Schools - Classes,,[1905..1906],Photograph,1 photograph : b&w,English,,Public,,,"United States - Texas - Denton County - Aubrey | New South, Populism, Progressivism, and the Great Depression, 1877-1939 | 1905/1906",https://texashistory.unt.edu/ark:/67531/metapth2789/
info:ark/67531/metapth2790,"[Jim Goin in Powledge Store, January 17, 1918]","Photograph of three men and a boy posing in a store containing a variety of products displayed on shelves, in glass-topped display cases, and hanging from railings. Jim Goin stands behind the counter wearing a tie.","Architecture - Buildings | Powledge Store | Business, Economics and Finance - Stores | Places - United States - Texas - Denton County - Aubrey | Goin, James William",,1/17/1918,Photograph,1 photograph : b&w,English,,Public,,,"United States - Texas - Denton County - Aubrey | New South, Populism, Progressivism, and the Great Depression, 1877-1939 | 1918-01-17",https://texashistory.unt.edu/ark:/67531/metapth2790/
info:ark/67531/metapth2791,[Weigh Station in Aubrey],Photograph of a small building on an unpaved street. The weigh station was on Main Street looking east to Powledge house and railroad. The depot is in the background.,Architecture - Buildings | weighing stations | Architecture,,,Photograph,1 photograph : b&w,English,,Public,,,"United States - Texas - Denton County - Aubrey | New South, Populism, Progressivism, and the Great Depression, 1877-1939",https://texashistory.unt.edu/ark:/67531/metapth2791/
info:ark/67531/metapth2792,"[Downtown Aubrey, 1972]","Photograph of a wide angle view of downtown Aubrey, Texas, showing cars and pickup trucks parked in front of Gordon's; Jackie's Hardware; and Pettit's Dry Goods, Notions, Groceries, and Meats.","Business, Economics and Finance - Stores | Places - United States - Texas - Denton County - Aubrey | Business, Economics and Finance - Transportation - Automobiles | Business, Economics and Finance - Transportation - Trucks | Places - United States - Texas - Denton County","Harmon, Joyce",1972,Photograph,1 photograph : b&w,English,,Public,,,"United States - Texas - Denton County - Aubrey | Into Modern Times, 1939-Present | 1972",https://texashistory.unt.edu/ark:/67531/metapth2792/
info:ark/67531/metapth2793,[Funeral Notice of Jim Goin],"Funeral memento for James William Goin (1897-1978). Services were held October 4, 1978 in Denton, Texas at the Schmitz-Floyd-Hamlet Chapel. Interment was at Belew Cemetery in Aubrey, Texas.","Social Life and Customs - Customs - Funerals | invitations | mementos | memorials | services | Goin, James William",,10/4/1978,Letter,[2] p.,English,Schmitz-Floyd-Hamlett Funeral Home,Public,,,"United States - Texas - Denton County - Aubrey | Into Modern Times, 1939-Present | 1978-10-04",https://texashistory.unt.edu/ark:/67531/metapth2793/
info:ark/67531/metapth2794,[Eliza Wood Williams as a Teenager],"Portrait of a young woman, Eliza Wood Williams, wearing a dark suit with a high, ruffled lace collar. Eliza Wood Williams was Bouncer Goin's paternal grandmother.","portraits | Williams, Eliza Wood | People - Individuals",,,Photograph,1 tintype : b&w ; 13 x 18 cm.,English,,Public,,,"United States - Texas - Denton County - Aubrey | New South, Populism, Progressivism, and the Great Depression, 1877-1939",https://texashistory.unt.edu/ark:/67531/metapth2794/
info:ark/67531/metapth2407,"Journey through Texas, or, A saddle-trip on the southwestern frontier : with a statistical appendix",The observations of Frederick Law Olmsted as he journeyed through Texas in the 1850s.,"Olmsted, Frederick Law, 1822-1903 | Social Life and Customs - Slavery | Texas -- Description and travel | Places - United States - Texas","Olmsted, Frederick Law",1857-01-01,Book,Text,English,"Dix, Edwards & Co.",,,,"The Texas Frontier, 1846-1861",https://texashistory.unt.edu/ark:/67531/metapth2407/
info:ark/67531/metapth2408,"Life of General Houston, 1793-1863",Biography of Sam Houston.,"Houston, Sam, 1793-1863. | People - Individuals - Sam Houston","Bruce, Henry",1891,Book,Text,English,"Dodd, Mead and Compnay",,,,1793/1863,https://texashistory.unt.edu/ark:/67531/metapth2408/
info:ark/67531/metapth2409,Massacre on the Nueces River; story of a Civil War tragedy.,"Account of the battle from two participants, Williams on the Confederate side and Sansom with the Union.","Texas -- History -- Civil War, 1861-1865 | Military and War - Wars - Civil War","Williams, R. H. | Sansom, John W.",,Book,Text,English,Frontier Times Pub.,,,,1862-08-10,https://texashistory.unt.edu/ark:/67531/metapth2409/
info:ark/67531/metapth2420,Spanish dominions in North America,"A map of the southern United States, Central America, and part of the Gulf of Mexico. All of the marked spots on the map are Spanish dominions.",North America -- Maps. | New Spain -- Maps. | Landscape and Nature - Geography and Maps,"Arrowsmith, Aron",1812,Map,1 map ; 20 x 24 cm.,English,Thomas & Andrews,Public,,,"United States - Texas | Mexico | Spanish Texas, 1690-1821 | 1812",https://texashistory.unt.edu/ark:/67531/metapth2420/
info:ark/67531/metapth2421,New map of Texas : with the contiguous American & Mexican states / by J. H. Young.,"Entered according to Act of Congress in the year 1835. Insets: Land grants, Remarks on Texas, Rivers of Texas.",Land grants -- Texas. | Landscape and Nature - Geography and Maps,"Young, James Hamilton",1836,Map,1 map : hand col. ; 33 x 40 cm.,English,S. Augustus Mitchell,Public,,,"United States - Texas | The Texas Revolution, 1835-1836 | 1836",https://texashistory.unt.edu/ark:/67531/metapth2421/
info:ark/67531/metapth2422,America noviter delineata,Map of North and South America showing political boundaries and place names. Includes inset of Greenland and illustrations of ships and sea monsters.,America -- Maps -- Early works to 1800. | Landscape and Nature - Geography and Maps,"Merian, Matthaeus",1633,Map,1 map : hand colored ; 28 x 36 cm. Relief shown pictorially.,Latin,,Public,,,"United States | European Explorers in Texas, 1519-1689 | 1633",https://texashistory.unt.edu/ark:/67531/metapth2422/
info:ark/67531/metapth2423,"Map of the state of Coahuila and Texas / W. Hooker, sculpt.",A map focused on the states of Coahuila and Texas with a few surrounding states present in the map. Many of the territories and bodies of water are marked.,Texas -- Maps. | Mexico -- Maps. | Southwestern States -- Maps. | Landscape and Nature - Geography and Maps,"Hooker, William",1833~,Map,1 map : photocopy ; 25 x 32 cm.,English,,Public,,,"United States - Texas | Mexican Texas, 1821-1835 | 1833",https://texashistory.unt.edu/ark:/67531/metapth2423/
info:ark/67531/metapth2424,[Map of the Breakdown of Texas Land Grants],A color coded map of Texas from 1835. The map is color coded according to land grants and territories. Many Texas landmarks are present on the map.,Texas -- Maps. | Landscape and Nature - Geography and Maps | land grants,"Bradford, Thomas Gamaliel",1835,Map,1 map : color ; 19 x 26 cm.,English,American Stationer's Co.,Public,"Comprehensive atlas, geographical, historical & commercial.",,"United States - Texas | The Republic of Texas, 1836-1846 | 1835",https://texashistory.unt.edu/ark:/67531/metapth2424/
info:ark/67531/metapth2425,Texas,A color coded map of Texas from 1838. The map is color coded by land grants and colonies. Many landmarks are present on the map.,Texas -- Maps. | Landscape and Nature - Geography and Maps,"Bradford, Thomas Gamaliel",1838,Map,1 map : col. ; 35 x 27 cm.,English,,Public,,,"Annexation, 1844-1846 | 1838",https://texashistory.unt.edu/ark:/67531/metapth2425/
info:ark/67531/metapth2426,Texas,"An 1838 map of Texas' landmarks, scattered cities, and land grants. Sub-territories are color coded on this map.",Texas -- Maps. | Landscape and Nature - Geography and Maps,"Bradford, T. G. (Thomas Gamaliel), 1802-1887",1838,Map,1 map : hand colored ; 35 x 28 cm.,English,,Public,,,"United States - Texas | 1838~ | The Republic of Texas, 1836-1846",https://texashistory.unt.edu/ark:/67531/metapth2426/
info:ark/67531/metapth2427,Texas.,A map of Texas landmarks and territories from 1844.,Texas -- Maps. | Landscape and Nature - Geography and Maps,"Morse, Sidney Edwards",1844,Map,1 map : hand colored ; 38 x 32 cm.,English,Sidney E. Morse and Samuel Breese,Public,,,"United States - Texas | Annexation, 1844-1846 | 1844",https://texashistory.unt.edu/ark:/67531/metapth2427/
info:ark/67531/metapth2428,[Map of South Texas Circa 1853],"An 1853 map of Texas territories, landmarks, and a few scattered cities. Along with the map is a document containing information about Texas and some information about the state of Tennessee.",Texas -- Maps. | Landscape and Nature - Geography and Maps | South Texas,,1853~,Map,1 map ; 13 x 20 cm.,English,"Phelps, Fanning & Co.",Public,Fanning's illustrated gazetteer of the United States.,,"United States - Texas | Annexation, 1844-1846 | 1853~",https://texashistory.unt.edu/ark:/67531/metapth2428/
info:ark/67531/metapth2429,Map of Texas: From the Most Recent Authorities.,Texas north of Red River.,Landscape and Nature - Geography and Maps,"Young, James Hamilton",1845,Map,1 map : hand colored ; 29 x 34 cm.,English,C.S. Williams,Public,,,"United States - Texas | 1845~ | Annexation, 1844-1846 | northlimit=34.551811; eastlimit=-93.328490; southlimit=25.473033; westlimit=-105.193724;",https://texashistory.unt.edu/ark:/67531/metapth2429/
info:ark/67531/metapth2430,"[Map of Mexico, California and Texas in 1851]","Relief shown by hachures. Includes illustrations of people washing gold, Mexican peasants and the ruins at Uxmal, Yucatan. There are colorful borders around each of the different states within the Mexican border.",Texas -- Maps. | Mexico -- Maps. | Southwestern States -- Maps. | Landscape and Nature - Geography and Maps,"Martin, Robert Montgomery",1851,Map,1 map : hand col. ; 22 x 30 cm.,English,J. & F. Tallis,Public,,,"United States - Texas | The Texas Frontier, 1846-1861 | Mexico | United States - California | United States - Texas | The Texas Frontier, 1846-1861",https://texashistory.unt.edu/ark:/67531/metapth2430/
info:ark/67531/metapth2432,"Texas, part of New Mexico &c.",Map of Texas from 1856 documenting many landmarks and territories as well as Texas cities and counties.,Texas -- Maps. | New Mexico -- Maps. | Landscape and Nature - Geography and Maps,"Bartholomew, John, 1831-1893",1856,Map,1 map : hand colored ; 28 x 36 cm.,English,A. and C. Black,Public,,,"United States - Texas | United States - New Mexico | The Texas Frontier, 1846-1861 | 1856 | northlimit=35.500000; eastlimit=-93.000000; southlimit=25.742985; westlimit=-107.000000;",https://texashistory.unt.edu/ark:/67531/metapth2432/
info:ark/67531/metapth2431,Texas.,A color coded map of Texas from 1856. The map is color coded by county. Many Texas cities and landmarks are present on the map.,Texas -- Maps. | Landscape and Nature - Geography and Maps,"Morse, Sidney Edwards",1856,Map,1 map : hand colored ; 34 x 30 cm.,English,,Public,,,"United States - Texas | The Texas Frontier, 1846-1861 | 1856",https://texashistory.unt.edu/ark:/67531/metapth2431/
info:ark/67531/metapth2433,"[Map of Texas, Part of Mexico and the United States]","An 1850 map of Texas, it contains many Texas landmarks. The map shows the route of the first Santa Fé Expedition; drawn and engraved by W. Kemble.","Mexico -- Maps. | Texas -- Maps. | Texan Santa Fé expedition, 1841 -- Maps. | United States -- Maps. | Landscape and Nature - Geography and Maps","Kemble, W.",1850,Map,1 map : b&w ; 40 x 30 cm.,English,Harper,,"Narrative of the Texan Santa Fé expedition / by Geo. Wilkins Kendall. 6th ed. New York : Harper, 1850.",,"United States - Texas | The Texas Frontier, 1846-1861 | 1850",https://texashistory.unt.edu/ark:/67531/metapth2433/
info:ark/67531/metapth2434,Map of the State of Texas: from the Latest Authorities,"Map of the state of Texas, with counties outlined and colored in the eastern half of the state. It includes labels for major cities, railway lines, and geographic features, with relief shown by hachures. The northern portion of the Texas panhandle is marked in an inset in the upper-left corner of the sheet. A second inset in the lower-left corner provides detailed views of the city of Galveston and the surrounding area. Text above the inset describes the railroads in Texas, El Llano Estacado, the Rio Grande, the Grand Indian Crossing, and the population of Texas according to the census of 1850.",Texas -- Maps. | Landscape and Nature - Geography and Maps,"Young, J. H. (James Hamilton)",1852,Map,"1 map : hand col. ; 36 x 37 cm., on sheet 35 x 44 cm.",English,"Thomas, Cowperthwait & Co.",Public,,,"United States - Texas | northlimit=35; eastlimit=-93.445312; southlimit=25.932359; westlimit=-106.848633; | The Texas Landscape | The Texas Frontier, 1846-1861 | 1852/1853",https://texashistory.unt.edu/ark:/67531/metapth2434/
info:ark/67531/metapth2435,Texas.,A map of Texas from 1852 with county boundaries marked. Many Texas cities and landmarks appear on the map as well.,Texas -- Maps. | Landscape and Nature - Geography and Maps,"Smith, Roswell Chamberlain",1852,Map,1 map : hand colored ; 25 x 22 cm.,English,S.F. Baker,Public,,,"United States - Texas | The Texas Frontier, 1846-1861 | 1852",https://texashistory.unt.edu/ark:/67531/metapth2435/
info:ark/67531/metapth2436,[Map of the State of Texas in 1852],"Map of the state of Texas in 1852, it shows the eastern towns and the geographical features in the western portions of the state. It is engraved to illustrate Mitchell's school and family geography - engraved by J.H. Young. Inset: Map of the vicinity of Galveston City.",Texas -- Maps. | Landscape and Nature - Geography and Maps,"Young, J. H. (James Hamilton)",1852,Map,1 map : hand col. ; 26 x 26 cm.,English,S. A. Mitchell,Public,,,"United States - Texas | The Texas Frontier, 1846-1861 | 1852",https://texashistory.unt.edu/ark:/67531/metapth2436/
info:ark/67531/metapth2437,Texas.,Insets: Plan of Galveston Bay -- Plan of Sabine Lake. A color coded map of Texas from 1855. The map is color coded by county.,Texas -- Maps. | Landscape and Nature - Geography and Maps,J.H. Colton & Co.,1855,Map,1 map : hand colored ; 32 x 36 cm.,English,J. H. Colton and Co.,Public,,,"United States - Texas | The Texas Frontier, 1846-1861 | 1855",https://texashistory.unt.edu/ark:/67531/metapth2437/
info:ark/67531/metapth2438,Texas.,Insets: Plan of Galveston Bay -- Plan of Sabine Lake. A color coded map of Texas from 1855. The map is color coded by county.,Texas -- Maps. | Landscape and Nature - Geography and Maps,J.H. Colton & Co.,1855,Map,1 map : hand col. ; 32 x 36 cm.,English,J.H. Colton & Co.,Public,,,"United States - Texas | The Texas Frontier, 1846-1861 | 1855",https://texashistory.unt.edu/ark:/67531/metapth2438/
info:ark/67531/metapth2439,[Map of Northern Texas],A color coded map of Texas from 1873; the map is color coded by county.,Texas -- Maps. | Landscape and Nature - Geography and Maps,"Gray, Ormando Willis",1873,Map,1 map : color ; 34 x 44 cm.,English,"Stedman, Brown & Lyon",Public,"Atlas of the United States, with general maps of the world.",,"United States - Texas | Civil War and Reconstruction, 1861-1876 | 1873",https://texashistory.unt.edu/ark:/67531/metapth2439/
info:ark/67531/metapth2440,"Map of the Missouri, Kansas and Texas Railway.",Includes train schedule and advertisements.,"Missouri, Kansas and Texas Railway -- Maps. | Railroads -- United States -- Maps. | Landscape and Nature - Geography and Maps",Rand McNally and Company,1877~,Map,1 map : color ; 39 x 49 cm. folded to 21 x 10 cm.,English,Rand McNally and Company,Public,,,"United States - Texas | New South, Populism, Progressivism, and the Great Depression, 1877-1939 | 1877",https://texashistory.unt.edu/ark:/67531/metapth2440/
info:ark/67531/metapth2441,North America.,A map of the entire North American continent. The map is color coordinated by countries and territories. Many of the North American landmarks and cities are present on this map.,North America -- Maps. | Landscape and Nature - Geography and Maps,"Tanner, Henry Schenck",1836,Map,1 map : hand col. ; 36 x 32 cm.,English,H. S. Tanner,,,,"North America | The Texas Revolution, 1835-1836 | 1836",https://texashistory.unt.edu/ark:/67531/metapth2441/
info:ark/67531/metapth2442,Carte de la Côte N.O. de l'Amérique et de la Côte N.E. de l'Asie reconnues en 1778 et 1779,"Shows the Northwest coast of North America as explored on Cook's third voyage. Included are the opposite coast of Asia, Cook's path, and his readings. Relief shown pictorially. Inset: Plan de l'Entrée de Nootka.","Cook, James, 1728 - 1779 -- Journeys. | Pacific Coast (North America) -- Discovery and exploration -- Maps. | Landscape and Nature - Geography and Maps","Bonne, Rigobert",1780/1788,Map,1 map : b&w ; 23 x 34 cm.,English,,Public,,,"North America | United States - Alaska | East & Southeast Asia | The Texas Landscape | Annexation, 1844-1846 | 1780/1788",https://texashistory.unt.edu/ark:/67531/metapth2442/
info:ark/67531/metapth2443,A new map of Texas.,"Boundaries of Texas. Political, Conventional, and Natural. Relief shown pictorially.",Texas -- Maps. | Landscape and Nature - Geography and Maps,Day | Haghe,1841,Map,1 map : color ; 46 x 41 cm.,English,,Public,,,"United States - Texas | Annexation, 1844-1846 | 1841",https://texashistory.unt.edu/ark:/67531/metapth2443/
info:ark/67531/metapth2412,Cattle Ranges of the Southwest,This book contains information about the use and condition of Texas pastures contemporary with the book. It also gives information about the obstacles in the way of renewing the cattle ranges and how the cattle ranges could possibly be renewed.,Rangelands | Pastures | Grasses | Agriculture - Ranching,"Bentley, H. L. (Henry Lewis)",1898,Pamphlet,32 p. : illus. ; 23 cm.,English,United States. Government Printing Office.,Public Domain,,,United States - Texas | 1898,https://texashistory.unt.edu/ark:/67531/metapth2412/
info:ark/67531/metapth2413,Texas Legal Directory For 1876-77,"Directory contains lists of officers of the U.S. Government, officers of the Texas Legislative, Executive, and Judicial Departments, county officers, state lawyers, Texas counties, banks, post offices, and revised rules of the Supreme Court.",Lawyers -- Texas -- Directories. | Government and Law - Elected Officials | Government and Law - County Courthouses | Government and Law - Texas Laws and Regulations | legal directories,"Bentley, Henry Lewis",1877,Book,110 p.,English,"Austin, Texas, Democratic Statesman Office",Public,,,"United States - Texas | 1877 | New South, Populism, Progressivism, and the Great Depression, 1877-1939",https://texashistory.unt.edu/ark:/67531/metapth2413/
info:ark/67531/metapth2414,"The War in Texas; A Review of Facts and Circumstances, showing that this contest is a Crusade Against Mexico, set on foot by Slaveholders, Land Speculators, &c. In Order to Re-Establish, Extend, and Perpetuate the System of Slavery and the Slave Trade.","Opinion piece describing the history and reasons for the Texas Revolution, including the position that it was intended to support slavery in Texas.","Slavery -- United States -- Controversial literature -- 1837. | Texas -- History -- Revolution, 1835-1836. | Military and War - Wars - Texas Revolution | Social Life and Customs - Slavery","Lundy, Benjamin, 1789-1839",1837,Book,"64 p. : ill., map ; 24 cm.",English,Merrihew and Gunn,Public,,"The War in Texas; A Review of Facts and Circumstances, showing that this contest is a Crusade Against Mexico, set on foot by Slaveholders, Land Speculators, &c. In Order to Re-Establish, Extend, and Perpetuate the System of Slavery and the Slave Trade. [e-book], ark:/67531/metapth846107","United States - Texas | The Republic of Texas, 1836-1846 | 1820~/1837",https://texashistory.unt.edu/ark:/67531/metapth2414/
info:ark/67531/metapth2415,"Speech of Hon. Wm. Lowndes Yancey, of Alabama, on the annexation of Texas to the United States, delivered in the House of Representatives, Jan. 7, 1845.","A passionate speech supporting the annexation of Texas, given to the House of Representatives.",Texas -- Annexation to the United States. | Government and Law - Politics - Speeches,"Yancey, William Lowndes",1845,Book,14 p. 22 cm.,English,"Harris & Heart, ""Constitution"" Office",,,,"United States - Texas | Annexation, 1844-1846 | 1845-01-07",https://texashistory.unt.edu/ark:/67531/metapth2415/
info:ark/67531/metapth2416,The Constitution of the state of Texas.,A copy of the Texas state constitution from 1850.,Texas. Constitution (1845) | Printed books -- 19th century -- United States -- Texas -- Austin -- Specimens. | local | Government and Law - Constitutions,Texas,1850,Book,29 p. ; 22 cm.,English,,,,,"United States - Texas | Annexation, 1844-1846 | 1850",https://texashistory.unt.edu/ark:/67531/metapth2416/
info:ark/67531/metapth2418,Life of J. W. Holston,"Handwritten manuscript by John Willis Holston. Chronicles his family's journey to Texas from Mississippi in 1869. Includes stories from his days as a cowboy on a cattle drive, and his two year service as a Texas Ranger.",John Willis Holston | Texas Rangers. | Frontier and pioneer life -- Texas. | Cattle drives -- Texas -- History. | Government and Law - Law Enforcement - Texas Rangers | Agriculture - Ranching - Cattle Trails,"Holston, John Willis",1930~,Book,Text,English,,Public,,,United States - Texas,https://texashistory.unt.edu/ark:/67531/metapth2418/
info:ark/67531/metapth2419,Texas Navy,"A survey of the Texas Navy during the Texas Revolution and the Republic Era. Includes maps, sketches, a list of ships of the Texas Navy, and a chronology. Also includes photographs of 20th century U.S. Navy ships named after Texans or Texas locations.","Texas -- History, Naval. | ships | Texas -- History -- Republic, 1836-1846. | independence | Military and War - Wars - Texas Revolution | battleships | schooners | naval vessels | Nimitz | Military and War - Transportation - Ships",U.S. Navy Department. Naval History Division.,1/1/1968,Book,Text,English,United States. Government Printing Office.,Public Domain,,,1835/1968,https://texashistory.unt.edu/ark:/67531/metapth2419/
info:ark/67531/metapth2496,"Letter to Colonel Thomas White, 29 March 1866","Letter from Mary Jones, wife of the last president of the Republic of Texas.","Jones, Mary Smith McCrory, 1819-1907 -- Correspondence. | Letters | People - Individuals - Mary Jones","Jones, Mary Smith McCrory",1866-03-29,Letter,Text,English,,,,,"United States - Texas - Harris County | Civil War and Reconstruction, 1861-1876 | 1866-03-29",https://texashistory.unt.edu/ark:/67531/metapth2496/
info:ark/67531/metapth2593,"Letter to Mary Jones's sons, 3 April [1869]","Letter from Mary Jones, wife of the last president of the Republic of Texas.","Jones, Mary Smith McCrory, 1819-1907 -- Correspondence. | Letters | People - Individuals - Mary Jones","Jones, Mary Smith McCrory",1869-04-03,Letter,Text,English,,,,,"United States - Texas - Montgomery County - Willis | Civil War and Reconstruction, 1861-1876 | 1869-04-03",https://texashistory.unt.edu/ark:/67531/metapth2593/
info:ark/67531/metapth2592,"Letter to Cromwell Anson Jones, 8 April [1869]","Letter from Mary Jones, wife of the last president of the Republic of Texas.","Jones, Mary Smith McCrory, 1819-1907 -- Correspondence. | Letters | People - Individuals - Mary Jones","Jones, Mary Smith McCrory",1869-04-08,Letter,Text,English,,,,,"United States - Texas - Montgomery County - Willis | Civil War and Reconstruction, 1861-1876 | 1869-04-08",https://texashistory.unt.edu/ark:/67531/metapth2592/
info:ark/67531/metapth2591,"Letter to Cromwell Anson Jones, 18 May 1869","Letter from Mary Jones, wife of the last president of the Republic of Texas.","Jones, Mary Smith McCrory, 1819-1907 -- Correspondence | Letters | People - Individuals - Mary Jones","Jones, Mary Smith McCrory",1869-05-18,Letter,Text,English,,,,,"United States - Texas - Galveston County | Civil War and Reconstruction, 1861-1876 | 1869-05-18",https://texashistory.unt.edu/ark:/67531/metapth2591/
info:ark/67531/metapth2590,"Letter to Cromwell Anson Jones, 11 July 1869","Letter from Mary Jones, wife of the last president of the Republic of Texas.","Jones, Mary Smith McCrory, 1819-1907 -- Correspondence | Letters | People - Individuals - Mary Jones","Jones, Mary Smith McCrory",1869-07-11,Letter,Text,English,,,,,"Civil War and Reconstruction, 1861-1876 | 1869-07-11",https://texashistory.unt.edu/ark:/67531/metapth2590/
info:ark/67531/metapth2589,"Letter to Cromwell Anson Jones, 18 July [1869]","Letter from Mary Jones, wife of the last president of the Republic of Texas.","Jones, Mary Smith McCrory, 1819-1907 -- Correspondence. | Letters | People - Individuals - Mary Jones","Jones, Mary Smith McCrory",1869-07-18,Letter,Text,English,,,,,"United States - Texas - Galveston County | Civil War and Reconstruction, 1861-1876 | 1869-07-18",https://texashistory.unt.edu/ark:/67531/metapth2589/
info:ark/67531/metapth2588,"Letter to Cromwell Anson Jones, 19 July [1869]","Letter from Mary Jones, wife of the last president of the Republic of Texas.","Jones, Mary Smith McCrory, 1819-1907 -- Correspondence. | Letters | People - Individuals - Mary Jones","Jones, Mary Smith McCrory",1869-07-19,Letter,Text,English,,,,,"United States - Texas - Galveston County | Civil War and Reconstruction, 1861-1876 | 1869-07-19",https://texashistory.unt.edu/ark:/67531/metapth2588/
info:ark/67531/metapth2587,"Letter to Cromwell Anson Jones, 23 July 1869","Letter to Mary Jones, wife of the last president of the Republic of Texas.","Jones, Mary Smith McCrory, 1819-1907 -- Correspondence | Letters | People - Individuals - Mary Jones","Jones, Mary Smith McCrory",1869-07-23,Letter,Text,English,,,,,"United States - Texas - Galveston County | Civil War and Reconstruction, 1861-1876 | 1869-07-23",https://texashistory.unt.edu/ark:/67531/metapth2587/
info:ark/67531/metapth2586,"Letter to Cromwell Anson Jones, 29 July 1869","Letter from Mary Jones, wife of the last president of the Republic of Texas.","Jones, Mary Smith McCrory, 1819-1907 -- Correspondence | Letters | People - Individuals - Mary Jones","Jones, Mary Smith McCrory",1869-07-29,Letter,Text,English,,,,,"Civil War and Reconstruction, 1861-1876 | 1869-07-29",https://texashistory.unt.edu/ark:/67531/metapth2586/
info:ark/67531/metapth2585,"Letter to Cromwell Anson Jones, 13 August 1869","Letter from Mary Jones, wife of the last president of the Republic of Texas.","Jones, Mary Smith McCrory, 1819-1907 -- Correspondence | Letters | People - Individuals - Mary Jones","Jones, Mary Smith McCrory",1869-08-13,Letter,Text,English,,,,,"Civil War and Reconstruction, 1861-1876 | 1869-08-13",https://texashistory.unt.edu/ark:/67531/metapth2585/
info:ark/67531/metapth2584,"Letter to Cromwell Anson Jones, 5 September 1869","Letter from Mary Jones, wife of the last president of the Republic of Texas.","Jones, Mary Smith McCrory, 1819-1907 -- Correspondence | Letters | People - Individuals - Mary Jones","Jones, Mary Smith McCrory",1869-09-05,Letter,Text,English,,,,,"Civil War and Reconstruction, 1861-1876 | 1869-09-05",https://texashistory.unt.edu/ark:/67531/metapth2584/
info:ark/67531/metapth2583,"Letter to Cromwell Anson Jones, [3 October 1869]","Letter from Mary Jones, wife of the last president of the Republic of Texas.","Jones, Mary Smith McCrory, 1819-1907 -- Correspondence | Letters | People - Individuals - Mary Jones","Jones, Mary Smith McCrory",1869-10-03,Letter,Text,English,,,,,"Civil War and Reconstruction, 1861-1876 | 1869-10-03",https://texashistory.unt.edu/ark:/67531/metapth2583/
info:ark/67531/metapth2582,"Letter to Cromwell Anson Jones, [17 October 1869]","Letter from Mary Jones, wife of the last president of the Republic of Texas.","Jones, Mary Smith McCrory, 1819-1907 -- Correspondence. | Letters | People - Individuals - Mary Jones","Jones, Mary Smith McCrory",1869-10-17,Letter,Text,English,,,,,"Civil War and Reconstruction, 1861-1876 | 1869-10-17",https://texashistory.unt.edu/ark:/67531/metapth2582/
info:ark/67531/metapth2581,"Letter to Cromwell Anson Jones, [24 October 1869]","Letter from Mary Jones, wife of the last president of the Republic of Texas.","Jones, Mary Smith McCrory, 1819-1907 -- Correspondence. | Letters | People - Individuals - Mary Jones","Jones, Mary Smith McCrory",1869-10-24,Letter,Text,English,,,,,"Civil War and Reconstruction, 1861-1876 | 1869-10-24",https://texashistory.unt.edu/ark:/67531/metapth2581/
info:ark/67531/metapth2580,"Letter to Cromwell Anson Jones, [7 November 1869]","Letter from Mary Jones, wife of the last president of the Republic of Texas.","Jones, Mary Smith McCrory, 1819-1907 -- Correspondence. | Letters | People - Individuals - Mary Jones","Jones, Mary Smith McCrory",1869-11-07,Letter,Text,English,,,,,"Civil War and Reconstruction, 1861-1876 | 1869-11-07",https://texashistory.unt.edu/ark:/67531/metapth2580/
info:ark/67531/metapth2579,"Letter to Cromwell Anson Jones, [22 November 1869]","Letter from Mary Jones, wife of the last president of the Republic of Texas.","Jones, Mary Smith McCrory, 1819-1907 -- Correspondence. | Letters | People - Individuals - Mary Jones","Jones, Mary Smith McCrory",1869-11-22,Letter,Text,English,,,,,"Civil War and Reconstruction, 1861-1876 | 1869-11-22",https://texashistory.unt.edu/ark:/67531/metapth2579/
info:ark/67531/metapth2578,"Letter to Cromwell Anson Jones, [28 November 1869]","Letter from Mary Jones, wife of the last president of the Republic of Texas.","Jones, Mary Smith McCrory, 1819-1907 -- Correspondence. | Letters | People - Individuals - Mary Jones","Jones, Mary Smith McCrory",1869-11-28,Letter,Text,English,,,,,"United States - Texas - Galveston County | Civil War and Reconstruction, 1861-1876 | 1869-11-28",https://texashistory.unt.edu/ark:/67531/metapth2578/
info:ark/67531/metapth2577,"Letter to Cromwell Anson Jones, [11 December 1869]","Letter from Mary Jones, wife of the last president of the Republic of Texas.","Smith, Mary Jones McCrory, 1819-1907 -- Correspondence. | Letters | People - Individuals - Mary Jones","Jones, Mary Smith McCrory",1869-12-11,Letter,Text,English,,,,,"Civil War and Reconstruction, 1861-1876 | 1869-12-11",https://texashistory.unt.edu/ark:/67531/metapth2577/
info:ark/67531/metapth2576,"Letter to Cromwell Anson Jones, 11 January 1870","Letter from Mary Jones, wife of the last president of the Republic of Texas.","Jones, Mary Smith McCrory, 1819-1907 -- Correspondence | Letters | People - Individuals - Mary Jones","Jones, Mary Smith McCrory",1870-01-11,Letter,Text,English,,,,,"Civil War and Reconstruction, 1861-1876 | 1870-01-11",https://texashistory.unt.edu/ark:/67531/metapth2576/
info:ark/67531/metapth2575,"Letter to Cromwell Anson Jones, [27 March 1870]","Letter from Mary Jones, wife of the last president of the Republic of Texas.","Jones, Mary Smith McCrory, 1819-1907 -- Correspondence. | Letters | People - Individuals - Mary Jones","Jones, Mary Smith McCrory",1870-03-27,Letter,Text,English,,,,,"Civil War and Reconstruction, 1861-1876 | 1870-03-27",https://texashistory.unt.edu/ark:/67531/metapth2575/
info:ark/67531/metapth2574,"Letter to [Cromwell Anson Jones,] [3 April 1870]","Letter from Mary Jones, wife of the last president of the Republic of Texas.","Jones, Mary Smith McCrory, 1819-1907 -- Correspondence. | Letters | People - Individuals - Mary Jones","Jones, Mary Smith McCrory",1870-04-03,Letter,Text,English,,,,,"Civil War and Reconstruction, 1861-1876 | 1870-04-03",https://texashistory.unt.edu/ark:/67531/metapth2574/
info:ark/67531/metapth2573,"Letter to Cromwell Anson Jones, [25 April 1870]","Letter from Mary Jones, wife of the last president of the Republic of Texas.","Jones, Mary Smith McCrory, 1819-1907 -- Correspondence. | Letters | People - Individuals - Mary Jones","Jones, Mary Smith McCrory",1870-04-25,Letter,Text,English,,,,,"Civil War and Reconstruction, 1861-1876 | 1870-04-25",https://texashistory.unt.edu/ark:/67531/metapth2573/
info:ark/67531/metapth2572,"Letter to Cromwell Anson Jones, [30 April 1870]","Letter from Mary Jones, wife of the last president of the Republic of Texas.","Jones, Mary Smith McCrory, 1819-1907 -- Correspondence. | Letters | People - Individuals - Mary Jones","Jones, Mary Smith McCrory",1870-04-30,Letter,Text,English,,,,,"Civil War and Reconstruction, 1861-1876 | 1870-04-30",https://texashistory.unt.edu/ark:/67531/metapth2572/
info:ark/67531/metapth2571,"Letter to Cromwell Anson Jones, [19 May 1870]","Letter from Mary Jones, wife of the last president of the Republic of Texas.","Jones, Mary Smith McCrory, 1819-1907 -- Correspondence. | Letters | People - Individuals - Mary Jones","Jones, Mary Smith McCrory",1870-05-19,Letter,Text,English,,,,,"Civil War and Reconstruction, 1861-1876 | 1870-05-19",https://texashistory.unt.edu/ark:/67531/metapth2571/
info:ark/67531/metapth2570,"Letter to Cromwell Anson Jones, [28 May 1870]","Letter from Mary Jones, wife of the last president of the Republic of Texas.","Jones, Mary Smith McCrory, 1819-1907 -- Correspondence. | Letters | People - Individuals - Mary Jones","Jones, Mary Smith McCrory",1870-05-28,Letter,Text,English,,,,,"Civil War and Reconstruction, 1861-1876 | 1870-05-28",https://texashistory.unt.edu/ark:/67531/metapth2570/
info:ark/67531/metapth2569,"Letter to Cromwell Anson Jones, 5 August 1870","Letter from Mary Jones, wife of the last president of the Republic of Texas.","Jones, Mary Smith McCrory, 1819-1907 -- Correspondence | Letters | People - Individuals - Mary Jones","Jones, Mary Smith McCrory",1870-08-05,Letter,Text,English,,,,,"Civil War and Reconstruction, 1861-1876 | 1870-08-05",https://texashistory.unt.edu/ark:/67531/metapth2569/
info:ark/67531/metapth2568,"Letter to Cromwell Anson Jones, 13 [August] 1870","Letter from Mary Jones, wife of the last president of the Republic of Texas.","Jones, Mary Smith McCrory, 1819-1907 -- Correspondence | Letters | People - Individuals - Mary Jones","Jones, Mary Smith McCrory",1870-08-13,Letter,Text,English,,Public,,,"Civil War and Reconstruction, 1861-1876 | 1870-08-13",https://texashistory.unt.edu/ark:/67531/metapth2568/
info:ark/67531/metapth2567,"Letter to Cromwell Anson Jones, [29 September 1870]","Letter from Mary Jones, wife of the last president of the Republic of Texas.","Jones, Mary Smith McCrory, 1819-1907 -- Correspondence. | Letters | People - Individuals - Mary Jones","Jones, Mary Smith McCrory",1870-09-29,Letter,Text,English,,,,,"Civil War and Reconstruction, 1861-1876 | 1870-09-29",https://texashistory.unt.edu/ark:/67531/metapth2567/
info:ark/67531/metapth2566,"Letter to Cromwell Anson Jones, 4 March 1871","Letter from Mary Jones, wife of the last president of the Republic of Texas.","Jones, Mary Smith McCrory, 1819-1907 -- Correspondence | Letters | People - Individuals - Mary Jones","Jones, Mary Smith McCrory",1871-03-04,Letter,Text,English,,,,,"Civil War and Reconstruction, 1861-1876 | 1871-03-04",https://texashistory.unt.edu/ark:/67531/metapth2566/
info:ark/67531/metapth2565,"Letter to Cromwell Anson Jones, 19 November 1871","Letter from Mary Jones, wife of the last president of the Republic of Texas.","Jones, Mary Smith McCrory, 1819-1907 -- Correspondence | Letters | People - Individuals - Mary Jones","Jones, Mary Smith McCrory",1871-11-19,Letter,Text,English,,,,,"Civil War and Reconstruction, 1861-1876 | 1871-11-19",https://texashistory.unt.edu/ark:/67531/metapth2565/
info:ark/67531/metapth2564,"Letter to Cromwell Anson Jones, 17 December 1871","Letter from Mary Jones, wife of the last president of the Republic of Texas.","Jones, Mary Smith McCrory, 1819-1907 -- Correspondence | Letters | People - Individuals - Mary Jones","Jones, Mary Smith McCrory",1871-12-17,Letter,Text,English,,,,,"Civil War and Reconstruction, 1861-1876 | 1871-12-17",https://texashistory.unt.edu/ark:/67531/metapth2564/
info:ark/67531/metapth2563,"Letter to Cromwell Anson Jones, 10 January 1872","Letter from Mary Jones, wife of the last president of the Republic of Texas.","Jones, Mary Smith McCrory, 1819-1907 -- Correspondence | Letters | People - Individuals - Mary Jones","Jones, Mary Smith McCrory",1872-01-10,Letter,Text,English,,,,,"Civil War and Reconstruction, 1861-1876 | 1872-01-10",https://texashistory.unt.edu/ark:/67531/metapth2563/
info:ark/67531/metapth2562,"Letter to Cromwell Anson Jones, 17 January 1872","Letter from Mary Jones, wif of the last president of the Republic of Texas.","Jones, Mary Smith McCrory, 1819-1907 -- Correspondence | Letters | People - Individuals - Mary Jones","Jones, Mary Smith McCrory",1872-01-17,Letter,Text,English,,,,,"Civil War and Reconstruction, 1861-1876 | 1872-01-17",https://texashistory.unt.edu/ark:/67531/metapth2562/
info:ark/67531/metapth2561,"Letter to Cromwell Anson Jones, 22 [January] 1872","Letter from Mary Jones, wife of the last president of the Republic of Texas.","Jones, Mary Smith McCrory, 1819-1907 -- Correspondence | Letters | People - Individuals - Mary Jones","Jones, Mary Smith McCrory",1872-01-22,Letter,Text,English,,Public,,,"Civil War and Reconstruction, 1861-1876 | 1872-01-22",https://texashistory.unt.edu/ark:/67531/metapth2561/
info:ark/67531/metapth2560,"Letter to Cromwell Anson Jones, 28 January 1872","Letter from Mary Jones, wife of the last president of the Republic of Texas.","Jones, Mary Smith McCrory, 1819-1907 -- Correspondence | Letters | People - Individuals - Mary Jones","Jones, Mary Smith McCrory",1872-01-28,Letter,Text,English,,,,,"Civil War and Reconstruction, 1861-1876 | 1872-01-28",https://texashistory.unt.edu/ark:/67531/metapth2560/
info:ark/67531/metapth2559,"Letter to Cromwell Anson Jones, 29 March 1872","Letter from Mary Jones, wife of the last president of the Republic of Texas.","Jones, Mary Smith McCrory, 1819-1907 -- Correspondence | Letters | People - Individuals - Mary Jones","Jones, Mary Smith McCrory",1872-03-29,Letter,Text,English,,,,,"United States - Texas - San Jacinto County | Civil War and Reconstruction, 1861-1876 | 1872-03-29",https://texashistory.unt.edu/ark:/67531/metapth2559/
info:ark/67531/metapth2558,"Letter to Cromwell Anson Jones, 25 May 1872","Letter from Mary Jones, wife of the last president of the Republic of Texas.","Jones, Mary Smith McCrory, 1819-1907 -- Correspondence | Letters | People - Individuals - Mary Jones","Jones, Mary Smith McCrory",1872-05-25,Letter,Text,English,,,,,"Civil War and Reconstruction, 1861-1876 | 1872-05-25",https://texashistory.unt.edu/ark:/67531/metapth2558/
info:ark/67531/metapth2557,"Letter to Cromwell Anson Jones, 22 October 1872","Letter from Mary Jones, wife of the last president of the Republic of Texas.","Jones, Mary Smith McCrory, 1819-1907 -- Correspondence | Letters | People - Individuals - Mary Jones","Jones, Mary Smith McCrory",1872-10-22,Letter,Text,English,,,,,"Civil War and Reconstruction, 1861-1876 | 1872-10-22",https://texashistory.unt.edu/ark:/67531/metapth2557/
info:ark/67531/metapth2556,"Letter to Cromwell Anson Jones, 24 October 1872","Letter from Mary Jones, wife of the last president of the Republic of Texas.","Jones, Mary Smith McCrory, 1819-1907 -- Correspondence | Letters | People - Individuals - Mary Jones","Jones, Mary Smith McCrory",1872-10-24,Letter,Text,English,,,,,"Civil War and Reconstruction, 1861-1876 | 1872-10-24",https://texashistory.unt.edu/ark:/67531/metapth2556/
info:ark/67531/metapth2555,"Letter to Cromwell Anson Jones, 25 November 1872","Letter from Mary Jones, wife of the last president of the Republic of Texas.","Jones, Mary Smith McCrory, 1819-1907 -- Correspondence | Letters | People - Individuals - Mary Jones","Jones, Mary Smith McCrory",1872-11-25,Letter,Text,English,,,,,"Civil War and Reconstruction, 1861-1876 | 1872-11-25",https://texashistory.unt.edu/ark:/67531/metapth2555/
info:ark/67531/metapth2553,"Letter to Cromwell Anson Jones, 18 April 1873","Letter from Mary Jones, wife of the last president of the Republic of Texas.","Jones, Mary Smith McCrory, 1819-1907 -- Correspondence | Letters | People - Individuals - Mary Jones","Jones, Mary Smith McCrory",1873-04-18,Letter,Text,English,,,,,"Civil War and Reconstruction, 1861-1876 | 1873-04-18",https://texashistory.unt.edu/ark:/67531/metapth2553/
info:ark/67531/metapth2552,"Letter to Cromwell Anson Jones, 11 June 1873","Letter from Mary Jones, wife of the last president of the Republic of Texas.","Jones, Mary Smith McCrory, 1819-1907 -- Correspondence | Letters | People - Individuals - Mary Jones","Jones, Mary Smith McCrory",1873-06-11,Letter,Text,English,,,,,"Civil War and Reconstruction, 1861-1876 | 1873-06-11",https://texashistory.unt.edu/ark:/67531/metapth2552/
info:ark/67531/metapth2551,"Letter to Cromwell Anson Jones, 9 July 1873","Letter from Mary Jones, wife of the last president of the Republic of Texas.","Jones, Mary Smith McCrory, 1819-1907 -- Correspondence | Letters | People - Individuals - Mary Jones","Jones, Mary Smith McCrory",1873-07-09,Letter,Text,English,,,,,"Civil War and Reconstruction, 1861-1876 | 1873-07-09",https://texashistory.unt.edu/ark:/67531/metapth2551/
info:ark/67531/metapth2550,"Letter to Cromwell Anson Jones, 2 August 1873","Letter from Mary Jones, wife of the last president of the Republic of Texas.","Jones, Mary Smith McCrory, 1819-1907 -- Correspondence | Letters | People - Individuals - Mary Jones","Jones, Mary Smith McCrory",1873-08-02,Letter,Text,English,,,,,"Civil War and Reconstruction, 1861-1876 | 1873-08-02",https://texashistory.unt.edu/ark:/67531/metapth2550/
info:ark/67531/metapth2549,"Letter to Cromwell Anson Jones, 25 January 1874","Letter from Mary Jones, wife of the last president of the Republic of Texas.","Jones, Mary Smith McCrory, 1819-1907 -- Correspondence | Letters | People - Individuals - Mary Jones","Jones, Mary Smith McCrory",1874-01-25,Letter,Text,English,,,,,"United States - Texas - San Jacinto County | Civil War and Reconstruction, 1861-1876 | 1874-01-25",https://texashistory.unt.edu/ark:/67531/metapth2549/
info:ark/67531/metapth2548,"Letter to Cromwell Anson Jones, 25 June 1874","Letter from Mary Jones, wife of the last president of the Republic of Texas.","Jones, Mary Smith McCrory, 1819-1907 -- Correspondence | Letters | People - Individuals - Mary Jones","Jones, Mary Smith McCrory",1874-06-25,Letter,Text,English,,,,,"Civil War and Reconstruction, 1861-1876 | 1874-06-25",https://texashistory.unt.edu/ark:/67531/metapth2548/
info:ark/67531/metapth2547,"Letter to Cromwell Anson Jones, 24 July 1874","Letter from Mary Jones, wife of the last president of the Republic of Texas.","Jones, Mary Smith McCrory, 1819-1907 -- Correspondence | Letters | People - Individuals - Mary Jones","Jones, Mary Smith McCrory",1874-07-25,Letter,Text,English,,,,,"Civil War and Reconstruction, 1861-1876 | 1874-07-25",https://texashistory.unt.edu/ark:/67531/metapth2547/
info:ark/67531/metapth2546,"Letter to Cromwell Anson Jones, 20 August 1874","Letter from Mary Jones, wife of the last president of the Republic of Texas.","Jones, Mary Smith McCrory, 1819-1907 -- Correspondence | Letters | People - Individuals - Mary Jones","Jones, Mary Smith McCrory",1874-08-20,Letter,Text,English,,,,,"Civil War and Reconstruction, 1861-1876 | 1874-08-20",https://texashistory.unt.edu/ark:/67531/metapth2546/
info:ark/67531/metapth2545,"Letter to Cromwell Anson Jones, 3 September 1874","Letter from Mary Jones, wife of the last president of the Republic of Texas.","Jones, Mary Smith McCrory, 1819-1907 -- Correspondence | Letters | People - Individuals - Mary Jones","Jones, Mary Smith McCrory",1874-09-03,Letter,Text,English,,,,,"United States - Texas - Navarro County - Dresden | Civil War and Reconstruction, 1861-1876 | 1874-09-03",https://texashistory.unt.edu/ark:/67531/metapth2545/
info:ark/67531/metapth2544,"Letter to Cromwell Anson Jones, 13 October 1874","Letter from Mary Jones, wife of the last president of the Republic of Texas.","Jones, Mary Smith McCrory, 1819-1907 -- Correspondence | Letters | People - Individuals - Mary Jones","Jones, Mary Smith McCrory",1874-10-13,Letter,Text,English,,,,,"Civil War and Reconstruction, 1861-1876 | 1874-10-13",https://texashistory.unt.edu/ark:/67531/metapth2544/
info:ark/67531/metapth2543,"Letter to Cromwell Anson Jones, 23 October 1874","Letter from Mary Jones, wife of the last president of the Republic of Texas.","Jones, Mary Smith McCrory, 1819-1907 -- Correspondence | Letters | People - Individuals - Mary Jones","Jones, Mary Smith McCrory",1874-10-23,Letter,Text,English,,,,,"United States - Texas - Montgomery County - Willis | Civil War and Reconstruction, 1861-1876 | 1874-10-23",https://texashistory.unt.edu/ark:/67531/metapth2543/
info:ark/67531/metapth2542,"Letter to Cromwell Anson Jones, 15 November 1874","Letter from Mary Jones, wife of the last president of the Republic of Texas.","Jones, Mary Smith McCrory, 1819-1907 -- Correspondence | Letters | People - Individuals - Mary Jones","Jones, Mary Smith McCrory",1874-11-25,Letter,Text,English,,,,,"United States - Texas - Walker County - San Jacinto | Civil War and Reconstruction, 1861-1876 | 1874-11-25",https://texashistory.unt.edu/ark:/67531/metapth2542/
info:ark/67531/metapth2541,"Letter to Cromwell Anson Jones, 14 December 1874","Letter from Mary Jones, wife of the last president of the Republic of Texas.","Social Life and Customs - Correspondence | People - Individuals | Jones, Mary Smith McCrory, 1819-1907 -- Correspondence | Letters","Jones, Mary Smith McCrory",1874-12-14,Letter,Text,English,,,,,"Civil War and Reconstruction, 1861-1876 | 1874-12-14",https://texashistory.unt.edu/ark:/67531/metapth2541/
info:ark/67531/metapth2540,"Letter to Cromwell Anson Jones, 20 December 1874","Letter from Mary Jones, wife of the last president of the Republic of Texas.","Jones, Mary Smith McCrory, 1819-1907 -- Correspondence | Letters | People - Individuals - Mary Jones","Jones, Mary Smith McCrory",1874-12-20,Letter,Text,English,,,,,"Civil War and Reconstruction, 1861-1876 | 1874-12-20",https://texashistory.unt.edu/ark:/67531/metapth2540/
info:ark/67531/metapth2539,"Letter to Cromwell Anson Jones, 20 January 1875","Letter from Mary Jones, wife of the last president of the Republic of Texas.","Social Life and Customs - Correspondence | People - Individuals | Jones, Mary Smith McCrory, 1819-1907 -- Correspondence | Letters","Jones, Mary Smith McCrory",1875-01-20,Letter,Text,English,,,,,"Civil War and Reconstruction, 1861-1876 | 1875-01-20",https://texashistory.unt.edu/ark:/67531/metapth2539/
info:ark/67531/metapth2538,"Letter to Cromwell Anson Jones, [January 1875]","Letter from Mary Jones, wife of the last president of the Republic of Texas.","Jones, Mary Smith McCrory, 1819-1907 -- Correspondence. | Letters | People - Individuals - Mary Jones","Jones, Mary Smith McCrory",1875-01,Letter,Text,English,,,,,"Civil War and Reconstruction, 1861-1876 | 1875-01",https://texashistory.unt.edu/ark:/67531/metapth2538/
info:ark/67531/metapth2537,"Letter to Cromwell Anson Jones, 5 March 1875","Letter from Mary Jones, wife of the last president of the Republic of Texas.","Jones, Mary Smith McCrory, 1819-1907 -- Correspondence | Letters | People - Individuals - Mary Jones","Jones, Mary Smith McCrory",1875-03-05,Letter,Text,English,,,,,"Civil War and Reconstruction, 1861-1876 | 1875-03-05",https://texashistory.unt.edu/ark:/67531/metapth2537/
info:ark/67531/metapth2536,"Letter to Cromwell Anson Jones, 13 March 1875","Letter from Mary Jones, wife of the last president of the Republic of Texas.","Jones, Mary Smith McCrory, 1819-1907 -- Correspondence | Letters | People - Individuals - Mary Jones","Jones, Mary Smith McCrory",1875-03-13,Letter,Text,English,,,,,"Civil War and Reconstruction, 1861-1876 | 1875-03-13",https://texashistory.unt.edu/ark:/67531/metapth2536/
info:ark/67531/metapth2535,"Letter to Cromwell Anson Jones, 13 April 1875","Letter from Mary Jones, wife of the last president of the Republic of Texas.","Jones, Mary Smith McCrory, 1819-1907 -- Correspondence | Letters | People - Individuals - Mary Jones","Jones, Mary Smith McCrory",1875-04-13,Letter,Text,English,,,,,"United States - Texas - Montgomery County - Willis | Civil War and Reconstruction, 1861-1876 | 1875-04-13",https://texashistory.unt.edu/ark:/67531/metapth2535/
info:ark/67531/metapth2534,"Letter to Cromwell Anson Jones, 25 April 1875","Letter from Mary Jones, wife of the last president of the Republic of Texas.","Jones, Mary Smith McCrory, 1819-1907 -- Correspondence | Letters | People - Individuals - Mary Jones","Jones, Mary Smith McCrory",1875-04-25,Letter,Text,English,,,,,"United States - Texas - Montgomery County - Willis | Civil War and Reconstruction, 1861-1876 | 1875-04-25",https://texashistory.unt.edu/ark:/67531/metapth2534/
info:ark/67531/metapth2533,"Letter to Cromwell Anson Jones, 24 May 1875","Letter from Mary Jones, wife of the last president of the Republic of Texas","Jones, Mary Smith McCrory, 1819-1907 -- Correspondence | Letters | People - Individuals - Mary Jones","Jones, Mary Smith McCrory",1874-05-24,Letter,Text,English,,,,,"United States - Texas - Montgomery County - Willis | Civil War and Reconstruction, 1861-1876 | 1874-05-24",https://texashistory.unt.edu/ark:/67531/metapth2533/
info:ark/67531/metapth2532,"Letter to Cromwell Anson Jones, 1 June 1875","Letter from Mary Jones, wife of the last president of the Republic of Texas.","Jones, Mary Smith McCrory, 1819-1907 -- Correspondence | Letters | People - Individuals - Mary Jones","Jones, Mary Smith McCrory",1875-06-01,Letter,Text,English,,,,,"United States - Texas - Montgomery County - Willis | Civil War and Reconstruction, 1861-1876 | 1875-06-01",https://texashistory.unt.edu/ark:/67531/metapth2532/
info:ark/67531/metapth2531,"Letter to Cromwell Anson Jones, 22 June 1875","Letter from Mary Jones, wife of the last president of the Republic of Texas.","Jones, Mary Smith McCrory, 1819-1907 -- Correspondence | Letters | People - Individuals - Mary Jones","Jones, Mary Smith McCrory",1875-06-22,Letter,Text,English,,,,,"United States - Texas - Montgomery County - Willis | Civil War and Reconstruction, 1861-1876 | 1875-06-22",https://texashistory.unt.edu/ark:/67531/metapth2531/
info:ark/67531/metapth2530,"Letter to Cromwell Anson Jones, 13 July 1875","Letter from Mary Jones, wife of the last president of the Republic of Texas.","Jones, Mary Smith McCrory, 1819-1907 -- Correspondence | Letters | People - Individuals - Mary Jones","Jones, Mary Smith McCrory",1875-07-13,Letter,Text,English,,,,,"United States - Texas - Montgomery County - Willis | Civil War and Reconstruction, 1861-1876 | 1875-07-13",https://texashistory.unt.edu/ark:/67531/metapth2530/
info:ark/67531/metapth2529,"Letter to Cromwell Anson Jones, 24 July 1875","Letter from Mary Jones, wife of the last president of the Republic of Texas.","Jones, Mary Smith McCrory, 1819-1907 -- Correspondence | Letters | People - Individuals - Mary Jones","Jones, Mary Smith McCrory",1875-07-24,Letter,Text,English,,,,,"United States - Texas - Montgomery County - Willis | Civil War and Reconstruction, 1861-1876 | 1875-07-24",https://texashistory.unt.edu/ark:/67531/metapth2529/
info:ark/67531/metapth2528,"Letter to Cromwell Anson Jones, 23 September 1875","Letter from Mary Jones, wife of the last president of the Republic of Texas.","Jones, Mary Smith McCrory, 1819-1907 -- Correspondence | Letters | People - Individuals - Mary Jones","Jones, Mary Smith McCrory",1875-09-23,Letter,Text,English,,,,,"United States - Texas - Montgomery County - Willis | Civil War and Reconstruction, 1861-1876 | 1875-09-23",https://texashistory.unt.edu/ark:/67531/metapth2528/
info:ark/67531/metapth2527,"Letter to Cromwell Anson Jones, 25 September 1875","Letter from Mary Jones, wife of the last president of the Republic of Texas.","Jones, Mary Smith McCrory, 1819-1907 -- Correspondence | Letters | People - Individuals - Mary Jones","Jones, Mary Smith McCrory",1875-09-25,Letter,Text,English,,,,,"United States - Texas - Montgomery County - Willis | Civil War and Reconstruction, 1861-1876 | 1875-09-25",https://texashistory.unt.edu/ark:/67531/metapth2527/
info:ark/67531/metapth2526,"Letter to Cromwell Anson Jones, 27 September 1875","Letter from Mary Jones, wife of the last president of the Republic of Texas.","Jones, Mary Smith McCrory, 1819-1907 -- Correspondence | Letters | People - Individuals - Mary Jones","Jones, Mary Smith McCrory",1875-09-27,Letter,Text,English,,,,,"United States - Texas - Montgomery County - Willis | Civil War and Reconstruction, 1861-1876 | 1875-09-27",https://texashistory.unt.edu/ark:/67531/metapth2526/
info:ark/67531/metapth2525,"Letter to Cromwell Anson Jones, 7 October 1875","Letter from Mary Jones, wife of the last president of the Republic of Texas.","Jones, Mary Smith McCrory, 1819-1907 -- Correspondence | Letters | People - Individuals - Mary Jones","Jones, Mary Smith McCrory",1875-10-07,Letter,Text,English,,,,,"United States - Texas - Montgomery County - Willis | Civil War and Reconstruction, 1861-1876 | 1875-10-07",https://texashistory.unt.edu/ark:/67531/metapth2525/
info:ark/67531/metapth2524,"Letter to Cromwell Anson Jones, 18 October 1875","Letter from Mary Jones, wife of the last president of the Republic of Texas.","Jones, Mary Smith McCrory, 1819-1907 -- Correspondence | Letters | People - Individuals - Mary Jones","Jones, Mary Smith McCrory",1875-10-18,Letter,Text,English,,,,,"United States - Texas - Montgomery County - Willis | Civil War and Reconstruction, 1861-1876 | 1875-10-18",https://texashistory.unt.edu/ark:/67531/metapth2524/
info:ark/67531/metapth2523,"Letter to [Cromwell Anson Jones,] [October 1875]","Letter to Mary Jones, wife of the last president of the Republic of Texas.","Jones, Mary Smith McCrory, 1819-1907 -- Correspondence. | Letters | People - Individuals - Mary Jones","Jones, Mary Smith McCrory",1875-10,Letter,Text,English,,,,,"Civil War and Reconstruction, 1861-1876 | 1875-10",https://texashistory.unt.edu/ark:/67531/metapth2523/
info:ark/67531/metapth2522,"Letter to Cromwell Anson Jones, 9 November 1875","Letter from Mary Jones, wife of the last president of the Republic of Texas.","Jones, Mary Smith McCrory, 1819-1907 -- Correspondence | Letters | People - Individuals - Mary Jones","Jones, Mary Smith McCrory",1875-11-09,Letter,Text,English,,,,,"United States - Texas - Montgomery County - Willis | Civil War and Reconstruction, 1861-1876 | 1875-11-09",https://texashistory.unt.edu/ark:/67531/metapth2522/
info:ark/67531/metapth2521,"Letter to Cromwell Anson Jones, 12 December 1875","Letter from Mary Jones, wife of the last president of the Republic of Texas.","Jones, Mary Smith McCrory, 1819-1907 -- Correspondence | Letters | People - Individuals - Mary Jones","Jones, Mary Smith McCrory",1875-12-18,Letter,Text,English,,,,,"United States - Texas - Montgomery County - Willis | Civil War and Reconstruction, 1861-1876 | 1875-12-18",https://texashistory.unt.edu/ark:/67531/metapth2521/
info:ark/67531/metapth2520,"Letter to Cromwell Anson Jones, [20 December 1875]","Letter from Mary Jones, wife of the last president of the Republic of Texas.","Jones, Mary Smith McCrory, 1819-1907 -- Correspondence. | Letters | People - Individuals - Mary Jones","Jones, Mary Smith McCrory",1875-12-20,Letter,Text,English,,,,,"Civil War and Reconstruction, 1861-1876 | 1875-12-20",https://texashistory.unt.edu/ark:/67531/metapth2520/
info:ark/67531/metapth2519,"Letter to Cromwell Anson Jones, 26 December 1875","Letter from Mary Jones, wife of the last president of the Republic of Texas.","Jones, Mary Smith McCrory, 1819-1907 -- Correspondence | Letters | People - Individuals - Mary Jones","Jones, Mary Smith McCrory",1875-12-26,Letter,Text,English,,,,,"United States - Texas - Montgomery County - Willis | Civil War and Reconstruction, 1861-1876 | 1875-12-26",https://texashistory.unt.edu/ark:/67531/metapth2519/
info:ark/67531/metapth2518,"Letter to Cromwell Anson Jones, 9 February 1876","Letter from Mary Jones, wife of the last president of the Republic of Texas.","Jones, Mary Smith McCrory, 1819-1907 -- Correspondence | Letters | People - Individuals - Mary Jones","Jones, Mary Smith McCrory",1876-02-09,Letter,Text,English,,,,,"United States - Texas - Montgomery County - Willis | Civil War and Reconstruction, 1861-1876 | 1876-02-09",https://texashistory.unt.edu/ark:/67531/metapth2518/
info:ark/67531/metapth2517,"Letter to Cromwell Anson Jones, 1 April 1876","Letter from Mary Jones, wife of the last president of the Republic of Texas.","Jones, Mary Smith McCrory, 1819-1907 -- Correspondence | Letters | People - Individuals - Mary Jones","Jones, Mary Smith McCrory",1876-04-01,Letter,Text,English,,,,,"United States - Texas - Montgomery County - Willis | Civil War and Reconstruction, 1861-1876 | 1876-04-01",https://texashistory.unt.edu/ark:/67531/metapth2517/
info:ark/67531/metapth2516,"Letter to Cromwell Anson Jones, 24 April 1876","Letter from Mary Jones, wife of the last president of the Republic of Texas.","Jones, Mary Smith McCrory, 1819-1907 -- Correspondence | Letters | People - Individuals - Mary Jones","Jones, Mary Smith McCrory",1876-04-24,Letter,Text,English,,,,,"Civil War and Reconstruction, 1861-1876 | 1876-04-24",https://texashistory.unt.edu/ark:/67531/metapth2516/
info:ark/67531/metapth2515,"Letter to Cromwell Anson Jones, 29 April 1876","Letter from Mary Jones, wife of the last president of the Republic of Texas.","Jones, Mary Smith McCrory, 1819-1907 -- Correspondence | Letters | People - Individuals - Mary Jones",,1876-04-29,Letter,Text,English,,,,,"United States - Texas - Montgomery County - Willis | Civil War and Reconstruction, 1861-1876 | 1876-04-29",https://texashistory.unt.edu/ark:/67531/metapth2515/
info:ark/67531/metapth2514,"Letter to Cromwell Anson Jones, 23 July 1876","Letter from Mary Jones, wife of the last president of the Republic of Texas.","Jones, Mary Smith McCrory, 1819-1907 -- Correspondence | Letters | People - Individuals - Mary Jones","Jones, Mary Smith McCrory",1876-07-23,Letter,Text,English,,,,,"Civil War and Reconstruction, 1861-1876 | 1876-07-23",https://texashistory.unt.edu/ark:/67531/metapth2514/
info:ark/67531/metapth2513,"Letter to Cromwell Anson Jones, [19 August 1876]","Letter from Mary Jones, wife of the last president of the Republic of Texas.","Jones, Mary Smith McCrory, 1819-1907 -- Correspondence. | Letters | People - Individuals - Mary Jones","Jones, Mary Smith McCrory",1876-08-19,Letter,Text,English,,,,,"Civil War and Reconstruction, 1861-1876 | 1876-08-19",https://texashistory.unt.edu/ark:/67531/metapth2513/
info:ark/67531/metapth2512,"Letter to Cromwell Anson Jones, 30 August 1876","Letter from Mary Jones, wife of the last president of the Republic of Texas.","Jones, Mary Smith McCrory, 1819-1907 -- Correspondence | Letters | People - Individuals - Mary Jones","Jones, Mary Smith McCrory",1876-08-30,Letter,Text,English,,,,,"United States - Texas - Montgomery County | Civil War and Reconstruction, 1861-1876 | 1876-08-30",https://texashistory.unt.edu/ark:/67531/metapth2512/
info:ark/67531/metapth2511,"Letter to Cromwell Anson Jones, 26 September [1876]","Letter from Mary Jones, wife of the last president of the Republic of Texas.","Jones, Mary Smith McCrory, 1819-1907 -- Correspondence. | Letters | People - Individuals - Mary Jones","Jones, Mary Smith McCrory",1876-09-26,Letter,Text,English,,,,,"United States - Texas - Zavala County - Crystal City | Civil War and Reconstruction, 1861-1876 | 1876-09-26",https://texashistory.unt.edu/ark:/67531/metapth2511/
info:ark/67531/metapth2510,"Letter to Cromwell Anson Jones, 12 March 1877","Letter from Mary Jones, wife of the last president of the Republic of Texas.","Jones, Mary Smith McCrory, 1819-1907 -- Correspondence | Letters | People - Individuals - Mary Jones","Jones, Mary Smith McCrory",1877-03-12,Letter,Text,English,,,,,"New South, Populism, Progressivism, and the Great Depression, 1877-1939 | 1877-03-12",https://texashistory.unt.edu/ark:/67531/metapth2510/
info:ark/67531/metapth2509,"Letter to Cromwell Anson Jones, 2 June 1877","Letter from Mary Jones, wife of the last president of the Republic of Texas.","Jones, Mary Smith McCrory, 1819-1907 -- Correspondence | Letters | People - Individuals - Mary Jones","Jones, Mary Smith McCrory",1877-06-02,Letter,Text,English,,,,,"United States - Texas - Gonzales County - Moulton | New South, Populism, Progressivism, and the Great Depression, 1877-1939 | 1877-06-02",https://texashistory.unt.edu/ark:/67531/metapth2509/
info:ark/67531/metapth2508,"Letter to Cromwell Anson Jones, 13 August 1877","Letter from Mary Jones, wife of the last president of the Republic of Texas.","Jones, Mary Smith McCrory, 1819-1907 -- Correspondence | Letters | People - Individuals - Mary Jones","Jones, Mary Smith McCrory",1877-08-13,Letter,Text,English,,,,,"New South, Populism, Progressivism, and the Great Depression, 1877-1939 | 1877-08-13",https://texashistory.unt.edu/ark:/67531/metapth2508/
info:ark/67531/metapth2507,"Letter to Cromwell Anson Jones, 15 September 1877","Letter from Mary Jones, wife of the last president of the Republic of Texas.","Jones, Mary Smith McCrory, 1819-1907 -- Correspondence | Letters | People - Individuals - Mary Jones","Jones, Mary Smith McCrory",1877-09-15,Letter,Text,English,,,,,"New South, Populism, Progressivism, and the Great Depression, 1877-1939 | 1877-09-15",https://texashistory.unt.edu/ark:/67531/metapth2507/
info:ark/67531/metapth2506,"Letter to Cromwell Anson Jones, September 1877","Letter from Mary Jones, wife of the last president of the Republic of Texas.","Jones, Mary Smith McCrory, 1819-1907 -- Correspondence | Letters | People - Individuals - Mary Jones","Jones, Mary Smith McCrory",1877-09,Letter,Text,English,,,,,"New South, Populism, Progressivism, and the Great Depression, 1877-1939 | 1877-09",https://texashistory.unt.edu/ark:/67531/metapth2506/
info:ark/67531/metapth2505,"Letter to Cromwell Anson Jones, 5 October 1877","Letter from Mary Jones, wife of the last president of the Republic of Texas.","Jones, Mary Smith McCrory, 1819-1907 -- Correspondence | Letters | People - Individuals - Mary Jones","Jones, Mary Smith McCrory",1877-10-05,Letter,Text,English,,,,,"United States - Texas - Montgomery County - Willis | New South, Populism, Progressivism, and the Great Depression, 1877-1939 | 1877-10-05",https://texashistory.unt.edu/ark:/67531/metapth2505/
info:ark/67531/metapth2504,"Letter to Cromwell Anson Jones, 6 October 1877","Letter from Mary Jones, wife of the last president of the Republic of Texas.","Jones, Mary Smith McCrory, 1819-1907 -- Correspondence | Letters | People - Individuals - Mary Jones","Jones, Mary Smith McCrory",1877-10-06,Letter,Text,English,,,,,"United States - Texas - Montgomery County - Willis | New South, Populism, Progressivism, and the Great Depression, 1877-1939 | 1877-10-06",https://texashistory.unt.edu/ark:/67531/metapth2504/
info:ark/67531/metapth2503,"Letter to Cromwell Anson Jones, 8 October 1877","Letter from Mary Jones, wife of the last president of the Republic of Texas.","Jones, Mary Smith McCrory, 1819-1907 -- Correspondence | Letters | People - Individuals - Mary Jones","Jones, Mary Smith McCrory",1877-10-08,Letter,Text,English,,,,,"United States - Texas - Montgomery County - Willis | New South, Populism, Progressivism, and the Great Depression, 1877-1939 | 1877-10-08",https://texashistory.unt.edu/ark:/67531/metapth2503/
info:ark/67531/metapth2502,"Letter to Cromwell Anson Jones, 14 November 1877","Letter from Mary Jones, wife of the last president of the Republic of Texas.","Jones, Mary Smith McCrory, 1819-1907 -- Correspondence | Letters | People - Individuals - Mary Jones","Jones, Mary Smith McCrory",1877-11-14,Letter,Text,English,,,,,"United States - Texas - Montgomery County - Willis | New South, Populism, Progressivism, and the Great Depression, 1877-1939 | 1877-11-14",https://texashistory.unt.edu/ark:/67531/metapth2502/
info:ark/67531/metapth2501,"Letter to Cromwell Anson Jones, 6 December 1877","Letter from Mary Jones, wife of the last president of the Republic of Texas.","Jones, Mary Smith McCrory, 1819-1907 -- Correspondence | Letters | People - Individuals - Mary Jones","Jones, Mary Smith McCrory",1877-12-06,Letter,Text,English,,,,,"United States - Texas - Montgomery County - Willis | New South, Populism, Progressivism, and the Great Depression, 1877-1939 | 1877-12-06",https://texashistory.unt.edu/ark:/67531/metapth2501/
info:ark/67531/metapth2500,"Letter to Cromwell Anson Jones, 9 December 1877","Letter from Mary Jones, wife of the last president of the Republic of Texas.","Jones, Mary Smith McCrory, 1819-1907 -- Correspondence | Letters | People - Individuals - Mary Jones","Jones, Mary Smith McCrory",1877-12-09,Letter,Text,English,,,,,"United States - Texas - Montgomery County - Willis | New South, Populism, Progressivism, and the Great Depression, 1877-1939 | 1877-12-09",https://texashistory.unt.edu/ark:/67531/metapth2500/
info:ark/67531/metapth2499,"Letter to Cromwell Anson Jones, 15 December 1877","Letter to Mary Jones, wife of the last president of the Republic of Texas.","Jones, Mary Smith McCrory, 1819-1907 -- Correspondence | Letters | People - Individuals - Mary Jones | People - Individuals - Mary Jones","Jones, Mary Smith McCrory",1877-12-15,Letter,Text,English,,,,,"New South, Populism, Progressivism, and the Great Depression, 1877-1939 | 1877-12-15",https://texashistory.unt.edu/ark:/67531/metapth2499/
info:ark/67531/metapth2498,"Letter to Cromwell Anson Jones, 23 December 1877","Letter from Mary Jones, wife of the last president of the Republic of Texas.","Jones, Mary Smith McCrory, 1819-1907 -- Correspondence | Letters | People - Individuals - Mary Jones","Jones, Mary Smith McCrory",1877-12-23,Letter,Text,English,,,,,"United States - Texas - Montgomery County - Willis | New South, Populism, Progressivism, and the Great Depression, 1877-1939 | 1877-12-23",https://texashistory.unt.edu/ark:/67531/metapth2498/
info:ark/67531/metapth2497,"Letter to Cromwell Anson Jones, 30 December 1877","Letter from Mary Jones, wife of the last president of the Republic of Texas.","Jones, Mary Smith McCrory, 1819-1907 -- Correspondence | Letters | People - Individuals - Mary Jones","Jones, Mary Smith McCrory",1877-12-30,Letter,Text,English,,,,,"New South, Populism, Progressivism, and the Great Depression, 1877-1939 | 1877-12-30",https://texashistory.unt.edu/ark:/67531/metapth2497/
info:ark/67531/metapth2554,"Letter to Cromwell Anson Jones, January 1873","Letter from Mary Jones, wife of the last president of the Republic of Texas.","Jones, Mary Smith McCrory, 1819-1907 -- Correspondence | Letters | People - Individuals - Mary Jones","Jones, Mary Smith McCrory",1873-01,Letter,Text,English,,,,,"United States - Texas - Walker County - San Jacinto | Civil War and Reconstruction, 1861-1876 | 1873-01",https://texashistory.unt.edu/ark:/67531/metapth2554/
info:ark/67531/metapth2687,"Letter to Cromwell Anson Jones, 9 January 1878","Letter from Mary Jones, wife of the last president of the Republic of Texas.","Jones, Mary Smith McCrory, 1819-1907 -- Correspondence | Letters | People - Individuals - Mary Jones","Jones, Mary Smith McCrory",1878-01-09,Letter,Text,English,,,,,"United States - Texas - Montgomery County - Willis | New South, Populism, Progressivism, and the Great Depression, 1877-1939 | 1878-01-09",https://texashistory.unt.edu/ark:/67531/metapth2687/
info:ark/67531/metapth2686,"Letter to Cromwell Anson Jones, 15 January 1878","Letter from Mary Jones, wife of the last president of the Republic of Texas.","Jones, Mary Smith McCrory, 1819-1907 -- Correspondence | Letters | People - Individuals - Mary Jones","Jones, Mary Smith McCrory",1878-01-15,Letter,Text,English,,,,,"United States - Texas - Montgomery County - Willis | New South, Populism, Progressivism, and the Great Depression, 1877-1939 | 1878-01-15",https://texashistory.unt.edu/ark:/67531/metapth2686/
info:ark/67531/metapth2685,"Letter to Cromwell Anson Jones, 1 February 1878","Letter from Mary Jones, wife of the last president of the Republic of Texas.","Jones, Mary Smith McCrory, 1819-1907 -- Correspondence | Letters | People - Individuals - Mary Jones","Jones, Mary Smith McCrory",1878-02-01,Letter,Text,English,,,,,"United States - Texas - Montgomery County - Willis | New South, Populism, Progressivism, and the Great Depression, 1877-1939 | 1878-02-01",https://texashistory.unt.edu/ark:/67531/metapth2685/
info:ark/67531/metapth2684,"Letter to Cromwell Anson Jones, 18 February 1878","Letter from Mary Jones, wife of the last president of the Republic of Texas.","Jones, Mary Smith McCrory, 1819-1907 -- Correspondence | Letters | People - Individuals - Mary Jones","Jones, Mary Smith McCrory",1878-02-18,Letter,Text,English,,,,,"United States - Texas - Montgomery County - Willis | New South, Populism, Progressivism, and the Great Depression, 1877-1939 | 1878-02-18",https://texashistory.unt.edu/ark:/67531/metapth2684/
info:ark/67531/metapth2683,"Letter to Cromwell Anson Jones, 10 March 1878","Letter from Mary Jones, wife of the last president of the Republic of Texas.","Jones, Mary Smith McCrory, 1819-1907 -- Correspondence | Letters | People - Individuals - Mary Jones","Jones, Mary Smith McCrory",1878-03-10,Letter,Text,English,,,,,"United States - Texas - Montgomery County - Willis | New South, Populism, Progressivism, and the Great Depression, 1877-1939 | 1878-03-10",https://texashistory.unt.edu/ark:/67531/metapth2683/
info:ark/67531/metapth2682,"Letter to Cromwell Anson Jones, 20 March 1878","Letter from Mary Jones, wife of the last president of the Republic of Texas.","Jones, Mary Smith McCrory, 1819-1907 -- Correspondence | Letters | People - Individuals - Mary Jones","Jones, Mary Smith McCrory",1878-03-20,Letter,Text,English,,,,,"United States - Texas - Montgomery County - Willis | New South, Populism, Progressivism, and the Great Depression, 1877-1939 | 1878-03-20",https://texashistory.unt.edu/ark:/67531/metapth2682/
info:ark/67531/metapth2681,"Letter to Cromwell Anson Jones, 1 April 1878","Letter from Mary Jones, wife of the last president of the Republic of Texas.","Jones, Mary Smith McCrory, 1819-1907 -- Correspondence | Letters | People - Individuals - Mary Jones","Jones, Mary Smith McCrory",1878-04-01,Letter,Text,English,,,,,"United States - Texas - Montgomery County - Willis | New South, Populism, Progressivism, and the Great Depression, 1877-1939 | 1878-04-01",https://texashistory.unt.edu/ark:/67531/metapth2681/
info:ark/67531/metapth2680,"Letter to Cromwell Anson Jones, 5 April 1878","Letter from Mary Jones, wife of the last president of the Republic of Texas.","Jones, Mary Smith McCrory, 1819-1907 -- Correspondence | Letters | People - Individuals - Mary Jones","Jones, Mary Smith McCrory",1878-04-05,Letter,Text,English,,,,,"United States - Texas - Montgomery County - Willis | New South, Populism, Progressivism, and the Great Depression, 1877-1939 | 1878-04-05",https://texashistory.unt.edu/ark:/67531/metapth2680/
info:ark/67531/metapth2679,"Letter to Cromwell Anson Jones, 13 April 1878","Letter from Mary Jones, wife of the last president of the Republic of Texas.","Jones, Mary Smith McCrory, 1819-1907 -- Correspondence | Letters | People - Individuals - Mary Jones","Jones, Mary Smith McCrory",1878-04-13,Letter,Text,English,,,,,"United States - Texas - Montgomery County - Willis | New South, Populism, Progressivism, and the Great Depression, 1877-1939 | 1878-04-13",https://texashistory.unt.edu/ark:/67531/metapth2679/
info:ark/67531/metapth2678,"Letter to Cromwell Anson Jones, 28 May 1878","Letter from Mary Jones, wife of the last president of the Republic of Texas.","Jones, Mary Smith McCrory, 1819-1907 -- Correspondence | Letters | People - Individuals - Mary Jones","Jones, Mary Smith McCrory",1878-05-28,Letter,Text,English,,,,,"United States - Texas - Montgomery County - Willis | New South, Populism, Progressivism, and the Great Depression, 1877-1939 | 1878-05-28",https://texashistory.unt.edu/ark:/67531/metapth2678/
info:ark/67531/metapth2677,"Letter to Cromwell Anson Jones, 1 June 1878","Letter from Mary Jones, wife of the last president of the Republic of Texas.","Jones, Mary Smith McCrory, 1819-1907 -- Correspondence | Letters | People - Individuals - Mary Jones","Jones, Mary Smith McCrory",1878-06-01,Letter,Text,English,,,,,"United States - Texas - Montgomery County - Willis | New South, Populism, Progressivism, and the Great Depression, 1877-1939 | 1878-06-01",https://texashistory.unt.edu/ark:/67531/metapth2677/
info:ark/67531/metapth2676,"Letter to Cromwell Anson Jones, 4 June 1878","Letter from Mary Jones, wife of the last president of the Republic of Texas.","Jones, Mary Smith McCrory, 1819-1907 -- Correspondence | Letters | People - Individuals - Mary Jones","Jones, Mary Smith McCrory",1878-06-04,Letter,Text,English,,,,,"United States - Texas - Montgomery County - Willis | New South, Populism, Progressivism, and the Great Depression, 1877-1939 | 1878-06-04",https://texashistory.unt.edu/ark:/67531/metapth2676/
info:ark/67531/metapth2675,"Letter to Cromwell Anson Jones, 10 June 1878","Letter from Mary Jones, wife of the last president of the Republic of Texas.","Jones, Mary Smith McCrory, 1819-1907 -- Correspondence | Letters | People - Individuals - Mary Jones","Jones, Mary Smith McCrory",1878-06-10,Letter,Text,English,,,,,"United States - Texas - Montgomery County - Willis | New South, Populism, Progressivism, and the Great Depression, 1877-1939 | 1878-06-10",https://texashistory.unt.edu/ark:/67531/metapth2675/
info:ark/67531/metapth2674,"Letter to Cromwell Anson Jones, 23 August 1878","Letter from Mary Jones, wife of the last president of the Republic of Texas.","Jones, Mary Smith McCrory, 1819-1907 -- Correspondence | Letters | People - Individuals - Mary Jones","Jones, Mary Smith McCrory",1878-08-23,Letter,Text,English,,,,,"United States - Texas - Montgomery County - Willis | New South, Populism, Progressivism, and the Great Depression, 1877-1939 | 1878-08-23",https://texashistory.unt.edu/ark:/67531/metapth2674/
info:ark/67531/metapth2673,"Letter to Cromwell Anson Jones, 1 September 1878","Letter from Mary Jones, wife of the last president of the Republic of Texas.","Jones, Mary Smith McCrory, 1819-1907 -- Correspondence | Letters | People - Individuals - Mary Jones","Jones, Mary Smith McCrory",1878-09-01,Letter,Text,English,,,,,"United States - Texas - Montgomery County - Willis | New South, Populism, Progressivism, and the Great Depression, 1877-1939 | 1878-09-01",https://texashistory.unt.edu/ark:/67531/metapth2673/
info:ark/67531/metapth2672,"Letter to Cromwell Anson Jones, 13 September 1878","Letter from Mary Jones, wife of the last president of the Republic of Texas.","Jones, Mary Smith McCrory, 1819-1907 -- Correspondence | Letters | People - Individuals - Mary Jones","Jones, Mary Smith McCrory",1878-09-13,Letter,Text,English,,,,,"United States - Texas - Montgomery County - Willis | New South, Populism, Progressivism, and the Great Depression, 1877-1939 | 1878-09-13",https://texashistory.unt.edu/ark:/67531/metapth2672/
info:ark/67531/metapth2671,"Letter to Cromwell Anson Jones, 27 September 1878","Letter from Mary Jones, wife of the last president of the Republic of Texas.","Jones, Mary Smith McCrory, 1819-1907 -- Correspondence | Letters | People - Individuals - Mary Jones","Jones, Mary Smith McCrory",1878-09-27,Letter,Text,English,,,,,"United States - Texas - Montgomery County - Willis | New South, Populism, Progressivism, and the Great Depression, 1877-1939 | 1878-09-27",https://texashistory.unt.edu/ark:/67531/metapth2671/
info:ark/67531/metapth2670,"Letter to Cromwell Anson Jones, 13 October 1878","Letter from Mary Jones, wife of the last president of the Republic of Texas.","Jones, Mary Smith McCrory, 1819-1907 -- Correspondence | Letters | People - Individuals - Mary Jones","Jones, Mary Smith McCrory",1878-10-13,Letter,Text,English,,,,,"United States - Texas - Montgomery County - Willis | New South, Populism, Progressivism, and the Great Depression, 1877-1939 | 1878-10-13",https://texashistory.unt.edu/ark:/67531/metapth2670/
info:ark/67531/metapth2669,"Letter to Cromwell Anson Jones, 25 October 1878","Letter from Mary Jones, wife of the last president of the Republic of Texas.","Jones, Mary Smith McCrory, 1819-1907 -- Correspondence | Letters | People - Individuals - Mary Jones","Jones, Mary Smith McCrory",1878-10-25,Letter,Text,English,,,,,"United States - Texas - Montgomery County - Willis | New South, Populism, Progressivism, and the Great Depression, 1877-1939 | 1878-10-25",https://texashistory.unt.edu/ark:/67531/metapth2669/
info:ark/67531/metapth2668,Letter to Cromwell Anson Jones 29 October [1878],"Letter from Mary Jones, wife of the last president of the Republic of Texas.","Jones, Mary Smith McCrory, 1819-1907 -- Correspondence. | Letters | People - Individuals - Mary Jones","Jones, Mary Smith McCrory",1878-10-29,Letter,Text,English,,,,,"United States - Texas - Montgomery County - Willis | New South, Populism, Progressivism, and the Great Depression, 1877-1939 | 1878-10-29",https://texashistory.unt.edu/ark:/67531/metapth2668/
info:ark/67531/metapth2667,"Letter to Cromwell Anson Jones, 1 November 1878","Letter from Mary Jones, wife of the last president of the Republic of Texas.","Jones, Mary Smith McCrory, 1819-1907 -- Correspondence | Letters | People - Individuals - Mary Jones","Jones, Mary Smith McCrory",1878-11-01,Letter,Text,English,,,,,"United States - Texas - Montgomery County - Willis | New South, Populism, Progressivism, and the Great Depression, 1877-1939 | 1878-11-01",https://texashistory.unt.edu/ark:/67531/metapth2667/
info:ark/67531/metapth2666,"Letter to Cromwell Anson Jones, 2 November 1878","Letter to Mary Jones, wife of the last president of the Republic of Texas.","Jones, Mary Smith McCrory, 1819-1907 -- Correspondence | Letters | People - Individuals - Mary Jones","Jones, Mary Smith McCrory",1878-11-02,Letter,Text,English,,,,,"United States - Texas - Montgomery County - Willis | New South, Populism, Progressivism, and the Great Depression, 1877-1939 | 1878-11-02",https://texashistory.unt.edu/ark:/67531/metapth2666/
info:ark/67531/metapth2665,"Letter to Cromwell Anson Jones, 6 November 1878","Letter from Mary Jones, wife of the last president of the Republic of Texas.","Jones, Mary Smith McCrory, 1819-1907 -- Correspondence | Letters | People - Individuals - Mary Jones","Jones, Mary Smith McCrory",1878-11-06,Letter,Text,English,,,,,"United States - Texas - Montgomery County - Willis | New South, Populism, Progressivism, and the Great Depression, 1877-1939 | 1878-11-06",https://texashistory.unt.edu/ark:/67531/metapth2665/
info:ark/67531/metapth2664,"Letter to Cromwell Anson Jones, 24 November 1878","Letter from Mary Jones, wife of the last president of the Republic of Texas.","Jones, Mary Smith McCrory, 1819-1907 -- Correspondence | Letters | People - Individuals - Mary Jones","Jones, Mary Smith McCrory",1878-11-24,Letter,Text,English,,,,,"United States - Texas - Montgomery County - Willis | New South, Populism, Progressivism, and the Great Depression, 1877-1939 | 1878-11-24",https://texashistory.unt.edu/ark:/67531/metapth2664/
info:ark/67531/metapth2663,"Letter to Cromwell Anson Jones, 9 December 1878","Letter from Mary Jones, wife of the last president of the Republic of Texas.","Jones, Mary Smith McCrory, 1819-1907 -- Correspondence | Letters | People - Individuals - Mary Jones","Jones, Mary Smith McCrory",1878-12-09,Letter,Text,English,,,,,"United States - Texas - Montgomery County - Willis | New South, Populism, Progressivism, and the Great Depression, 1877-1939 | 1878-12-09",https://texashistory.unt.edu/ark:/67531/metapth2663/
info:ark/67531/metapth2662,"Letter to Cromwell Anson Jones, 15 December 1878","Letter from Mary Jones, wife of the last president of the Republic of Texas.","Jones, Mary Smith McCrory, 1819-1907 -- Correspondence | Letters | People - Individuals - Mary Jones","Jones, Mary Smith McCrory",1878-12-15,Letter,Text,English,,,,,"United States - Texas - Montgomery County - Willis | New South, Populism, Progressivism, and the Great Depression, 1877-1939 | 1878-12-15",https://texashistory.unt.edu/ark:/67531/metapth2662/
info:ark/67531/metapth2661,"Letter to Cromwell Anson Jones, 27 December 1878","Letter from Mary Jones, wife of the last president of the Republic of Texas.","Jones, Mary Smith McCrory, 1819-1907 -- Correspondence | Letters | People - Individuals - Mary Jones","Jones, Mary Smith McCrory",1878-12-27,Letter,Text,English,,,,,"New South, Populism, Progressivism, and the Great Depression, 1877-1939 | 1878-12-27",https://texashistory.unt.edu/ark:/67531/metapth2661/
info:ark/67531/metapth2660,"Letter to Cromwell Anson Jones, 29 December 1878","Letter from Mary Jones, wife of the last president of the Republic of Texas.","Jones, Mary Smith McCrory, 1819-1907 -- Correspondence | Letters | People - Individuals - Mary Jones","Jones, Mary Smith McCrory",1878-12-29,Letter,Text,English,,,,,"New South, Populism, Progressivism, and the Great Depression, 1877-1939 | 1878-12-29",https://texashistory.unt.edu/ark:/67531/metapth2660/
info:ark/67531/metapth2659,"Letter to Cromwell Anson Jones, 3 January 1879","Letter from Mary Jones, wife of the last president of the Republic of Texas.","Jones, Mary Smith McCrory, 1819-1907 -- Correspondence | Letters | People - Individuals - Mary Jones","Jones, Mary Smith McCrory",1879-01-03,Letter,Text,English,,,,,"United States - Texas - Montgomery County - Willis | New South, Populism, Progressivism, and the Great Depression, 1877-1939 | 1879-01-03",https://texashistory.unt.edu/ark:/67531/metapth2659/
info:ark/67531/metapth2658,"Letter to Cromwell Anson Jones, 8 [January] 1879","Letter from Mary Jones, wife of the last president of the Republic of Texas.","Jones, Mary Smith McCrory, 1819-1907 -- Correspondence | Letters | People - Individuals - Mary Jones","Jones, Mary Smith McCrory",1879-01-08,Letter,Text,English,,Public,,,"New South, Populism, Progressivism, and the Great Depression, 1877-1939 | 1879-01-08",https://texashistory.unt.edu/ark:/67531/metapth2658/
info:ark/67531/metapth2657,"Letter to Cromwell Anson Jones, 23 January 1879","Letter from Mary Jones, wife of the last president of the Republic of Texas.","Jones, Mary Smith McCrory, 1819-1907 -- Correspondence | Letters | People - Individuals - Mary Jones","Jones, Mary Smith McCrory",1879-01-23,Letter,Text,English,,,,,"United States - Texas - Montgomery County - Willis | New South, Populism, Progressivism, and the Great Depression, 1877-1939 | 1879-01-23",https://texashistory.unt.edu/ark:/67531/metapth2657/
info:ark/67531/metapth2656,"Letter to Cromwell Anson Jones, 4 February 1879","Letter from Mary Jones, wife of the last president of the Republic of Texas.","Jones, Mary Smith McCrory, 1819-1907 -- Correspondence | Letters | People - Individuals - Mary Jones","Jones, Mary Smith McCrory",1879-02-04,Letter,Text,English,,,,,"United States - Texas - Montgomery County - Willis | New South, Populism, Progressivism, and the Great Depression, 1877-1939 | 1879-02-04",https://texashistory.unt.edu/ark:/67531/metapth2656/
info:ark/67531/metapth2655,"Letter to Cromwell Anson Jones, 14 February 1879","Letter from Mary Jones, wife of the last president of the Republic of Texas.","Jones, Mary Smith McCrory, 1819-1907 -- Correspondence | Letters | People - Individuals - Mary Jones","Jones, Mary Smith McCrory",1879-02-14,Letter,Text,English,,,,,"United States - Texas - Montgomery County - Willis | New South, Populism, Progressivism, and the Great Depression, 1877-1939 | 1879-02-14",https://texashistory.unt.edu/ark:/67531/metapth2655/
info:ark/67531/metapth2654,"Letter to Cromwell Anson Jones, 17 Februrary 1879","Letter from Mary Jones, wife of the last president of the Republic of Texas.","Jones, Mary Smith McCrory, 1819-1907 -- Correspondence | Letters | People - Individuals - Mary Jones","Jones, Mary Smith McCrory",1879-02-17,Letter,Text,English,,,,,"United States - Texas - Montgomery County - Willis | New South, Populism, Progressivism, and the Great Depression, 1877-1939 | 1879-02-17",https://texashistory.unt.edu/ark:/67531/metapth2654/
info:ark/67531/metapth2653,"Letter to Cromwell Anson Jones, 25 February 1879","Letter from Mary Jones, wife of the last president of the Republic of Texas.","Jones, Mary Smith McCrory, 1819-1907 -- Correspondence | Letters | People - Individuals - Mary Jones","Jones, Mary Smith McCrory",1879-02-25,Letter,Text,English,,,,,"United States - Texas - Montgomery County - Willis | New South, Populism, Progressivism, and the Great Depression, 1877-1939 | 1879-02-25",https://texashistory.unt.edu/ark:/67531/metapth2653/
info:ark/67531/metapth2652,"Letter to Cromwell Anson Jones, 11 March 1879","Letter from Mary Jones, wife of the last president of the Republic of Texas.","Jones, Mary Smith McCrory, 1819-1907 -- Correspondence | Letters | People - Individuals - Mary Jones","Jones, Mary Smith McCrory",1879-03-11,Letter,Text,English,,,,,"United States - Texas - Montgomery County - Willis | New South, Populism, Progressivism, and the Great Depression, 1877-1939 | 1879-03-11",https://texashistory.unt.edu/ark:/67531/metapth2652/
info:ark/67531/metapth2651,"Letter to Cromwell Anson Jones, 22 May 1879","Letter from Mary Jones, wife of the last president of the Republic of Texas.","Jones, Mary Smith McCrory, 1819-1907 -- Correspondence | Letters | People - Individuals - Mary Jones","Jones, Mary Smith McCrory",1879-05-11,Letter,Text,English,,,,,"New South, Populism, Progressivism, and the Great Depression, 1877-1939 | 1879-05-11",https://texashistory.unt.edu/ark:/67531/metapth2651/
info:ark/67531/metapth2650,"Letter to Cromwell Anson Jones, 19 July 1879","Letter from Mary Jones, wife of the last president of the Republic of Texas.","Jones, Mary Smith McCrory, 1819-1907 -- Correspondence | Letters | People - Individuals - Mary Jones","Jones, Mary Smith McCrory",1879-07-19,Letter,Text,English,,,,,"United States - Texas - Montgomery County - Willis | New South, Populism, Progressivism, and the Great Depression, 1877-1939 | 1879-07-19",https://texashistory.unt.edu/ark:/67531/metapth2650/
info:ark/67531/metapth2649,"Letter to Cromwell Anson Jones, 12 October 1879","Letter from Mary Jones, wife of the president of the Republic of Texas.","Jones, Mary Smith McCrory, 1819-1907 -- Correspondence | Letters | People - Individuals - Mary Jones","Jones, Mary Smith McCrory",1879-10-12,Letter,Text,English,,,,,"New South, Populism, Progressivism, and the Great Depression, 1877-1939 | 1879-10-12",https://texashistory.unt.edu/ark:/67531/metapth2649/
info:ark/67531/metapth2648,"Letter to Cromwell Anson Jones, 30 October 1879","Letter from Mary Jones, wife of the last president of the Republic of Texas.","Jones, Mary Smith McCrory, 1819-1907 -- Correspondence | Letters | People - Individuals - Mary Jones","Jones, Mary Smith McCrory",1879-10-30,Letter,Text,English,,,,,"United States - Texas - Navarro County - Dresden | New South, Populism, Progressivism, and the Great Depression, 1877-1939 | 1879-10-30",https://texashistory.unt.edu/ark:/67531/metapth2648/
info:ark/67531/metapth2647,"Letter to Cromwell Anson Jones, 1 November 1879","Letter from Mary Jones, wife of the last president of the Republic of Texas.","Jones, Mary Smith McCrory, 1819-1907 -- Correspondence | Letters | People - Individuals - Mary Jones",,1879-11-01,Letter,Text,English,,,,,"United States - Texas - Navarro County - Dresden | New South, Populism, Progressivism, and the Great Depression, 1877-1939 | 1879-11-01",https://texashistory.unt.edu/ark:/67531/metapth2647/
info:ark/67531/metapth2646,"Letter to Cromwell Anson Jones, 14 December 1879","Letter from Mary Jones, wife of the last president of the Republic of Texas.","Jones, Mary Smith McCrory, 1819-1907 -- Correspondence | Letters | People - Individuals - Mary Jones","Jones, Mary Smith McCrory",1879-12-14,Letter,Text,English,,,,,"United States - Texas - Montgomery County - Willis | New South, Populism, Progressivism, and the Great Depression, 1877-1939 | 1879-12-14",https://texashistory.unt.edu/ark:/67531/metapth2646/
info:ark/67531/metapth2645,"Letter to Cromwell Anson Jones, 16 [December] 1879","Letter from Mary Jones, wife of the last president of the Republic of Texas.","Jones, Mary Smith McCrory, 1819-1907 -- Correspondence | Letters | People - Individuals - Mary Jones","Jones, Mary Smith McCrory",1879-02-16,Letter,Text,English,,Public,,,"New South, Populism, Progressivism, and the Great Depression, 1877-1939 | 1879-02-16",https://texashistory.unt.edu/ark:/67531/metapth2645/
info:ark/67531/metapth2644,"Letter to Cromwell Anson Jones, 27 1879","Letter from Mary Jones, wife of the last president of the Republic of Texas.","Jones, Mary Smith McCrory, 1819-1907 -- Correspondence. | Letters | People - Individuals - Mary Jones","Jones, Mary Smith McCrory",1879~,Letter,Text,English,,Public,,,"United States - Texas - Montgomery County - Willis | New South, Populism, Progressivism, and the Great Depression, 1877-1939 | 1879",https://texashistory.unt.edu/ark:/67531/metapth2644/
info:ark/67531/metapth2643,"Letter to Cromwell Anson Jones, [7 January 1880]","Letter from Mary Jones, wife of the last president of the Republic of Texas.","Jones, Mary Smith McCrory, 1819-1907 -- Correspondence. | Letters | People - Individuals - Mary Jones","Jones, Mary Smith McCrory",1880-01-07,Letter,Text,English,,,,,"New South, Populism, Progressivism, and the Great Depression, 1877-1939 | 1880-01-07",https://texashistory.unt.edu/ark:/67531/metapth2643/
info:ark/67531/metapth2642,"Letter to Cromwell Anson Jones, 6 November [1880]","Letter from Mary Jones, wife of the last president of the Republic of Texas.","Jones, Mary Smith McCrory, 1819-1907 -- Correspondence. | Letters | People - Individuals - Mary Jones","Jones, Mary Smith McCrory",1880-11-06,Letter,Text,English,,,,,"New South, Populism, Progressivism, and the Great Depression, 1877-1939 | 1880-11-06",https://texashistory.unt.edu/ark:/67531/metapth2642/
info:ark/67531/metapth2641,"Letter to Cromwell Anson Jones, 8 November [1880]","Letter from Mary Jones, wife of the last president of the Republic of Texas.","Jones, Mary Smith McCrory, 1819-1907 -- Correspondence. | Letters | People - Individuals - Mary Jones","Jones, Mary Smith McCrory",1880-11-08,Letter,Text,English,,,,,"New South, Populism, Progressivism, and the Great Depression, 1877-1939 | 1880-11-08",https://texashistory.unt.edu/ark:/67531/metapth2641/
info:ark/67531/metapth2640,"Letter to Cromwell Anson Jones, 12 November 1880","Letter from Mary Jones, wife of the last president of the Republic of Texas.","Jones, Mary Smith McCrory, 1819-1907 -- Correspondence | Letters | People - Individuals - Mary Jones","Jones, Mary Smith McCrory",1880-11-12,Letter,Text,English,,,,,"New South, Populism, Progressivism, and the Great Depression, 1877-1939 | 1880-11-12",https://texashistory.unt.edu/ark:/67531/metapth2640/
info:ark/67531/metapth2639,"Letter to Cromwell Anson Jones, 23 November 1880","Letter from Mary Jones, wife of the last president of the Republic of Texas.","Jones, Mary Smith McCrory, 1819-1907 -- Correspondence | Letters | People - Individuals - Mary Jones","Jones, Mary Smith McCrory",1880-11-23,Letter,Text,English,,,,,"United States - Texas - Montgomery County - Willis | New South, Populism, Progressivism, and the Great Depression, 1877-1939 | 1880-11-23",https://texashistory.unt.edu/ark:/67531/metapth2639/
info:ark/67531/metapth2638,"Letter to Cromwell Anson Jones, 25 November [1880]","Letter from Mary Jones, wife of the last president of the Republic of Texas.","Jones, Mary Smith McCrory, 1819-1907 -- Correspondence. | Letters | People - Individuals - Mary Jones","Jones, Mary Smith McCrory",1880-11-25,Letter,Text,English,,,,,"United States - Texas - Montgomery County - Willis | New South, Populism, Progressivism, and the Great Depression, 1877-1939 | 1880-11-25",https://texashistory.unt.edu/ark:/67531/metapth2638/
info:ark/67531/metapth2635,"Letter to Cromwell Anson Jones, 30 November 1880","Letter from Mary Jones, wife of the last president of the Republic of Texas.","Jones, Mary Smith McCrory, 1819-1907 -- Correspondence | Letters | People - Individuals - Mary Jones","Jones, Mary Smith McCrory",1880-11-30,Letter,Text,English,,,,,"New South, Populism, Progressivism, and the Great Depression, 1877-1939 | 1880-11-30",https://texashistory.unt.edu/ark:/67531/metapth2635/
info:ark/67531/metapth2634,"Letter to Cromwell Anson Jones, 3 December [1880]","Letter from Mary Jones, wife of the last president of the Republic of Texas.","Jones, Mary Smith McCrory, 1819-1907 -- Correspondence. | Letters | People - Individuals - Mary Jones","Jones, Mary Smith McCrory",1880-12-03,Letter,Text,English,,,,,"New South, Populism, Progressivism, and the Great Depression, 1877-1939 | 1880-12-03",https://texashistory.unt.edu/ark:/67531/metapth2634/
info:ark/67531/metapth2633,"Letter to Cromwell Anson Jones, [5 December 1880]","Letter from Mary Jones, wife of the last president of the Republic of Texas.","Jones, Mary Smith McCrory, 1819-1907 -- Correspondence. | Letters | People - Individuals - Mary Jones","Jones, Mary Smith McCrory",1880-12-05,Letter,Text,English,,,,,"New South, Populism, Progressivism, and the Great Depression, 1877-1939 | 1880-12-05",https://texashistory.unt.edu/ark:/67531/metapth2633/
info:ark/67531/metapth2630,"Letter to Cromwell Anson Jones, 14 May 1881","Letter from Mary Jones, wife of the last president of the Republic of Texas.","Jones, Mary Smith McCrory, 1819-1907 -- Correspondence | Letters | People - Individuals - Mary Jones","Jones, Mary Smith McCrory",1881-05-24,Letter,Text,English,,,,,"United States - Texas - Montgomery County - Willis | New South, Populism, Progressivism, and the Great Depression, 1877-1939 | 1881-05-24",https://texashistory.unt.edu/ark:/67531/metapth2630/
info:ark/67531/metapth2629,"Letter to Cromwell Anson Jones, 7 July 1881","Letter from Mary Jones, wife of the last president of the Republic of Texas.","Jones, Mary Smith McCrory, 1819-1907 -- Correspondence | Letters | People - Individuals - Mary Jones","Jones, Mary Smith McCrory",1881-07-07,Letter,Text,English,,,,,"United States - Texas - Hardin County - Sour Lake | New South, Populism, Progressivism, and the Great Depression, 1877-1939 | 1881-07-07",https://texashistory.unt.edu/ark:/67531/metapth2629/
info:ark/67531/metapth2628,"Letter to Cromwell Anson Jones, 9 July 1881","Letter from Mary Jones, wife of the last president of the Republic of Texas.","Jones, Mary Smith McCrory, 1819-1907 -- Correspondence | Letters | People - Individuals - Mary Jones","Jones, Mary Smith McCrory",1881-07-09,Letter,Text,English,,,,,"New South, Populism, Progressivism, and the Great Depression, 1877-1939 | 1881-07-09",https://texashistory.unt.edu/ark:/67531/metapth2628/
info:ark/67531/metapth2627,"Letter to Cromwell Anson Jones, [12 July 1881]","Letter from Mary Jones, wife of the last president of the Republic of Texas.","Jones, Mary Smith McCrory, 1819-1907 -- Correspondence. | Letters | People - Individuals - Mary Jones","Jones, Mary Smith McCrory",1881-07-12,Letter,Text,English,,,,,"United States - Texas - Hardin County - Sour Lake | New South, Populism, Progressivism, and the Great Depression, 1877-1939 | 1881-07-12",https://texashistory.unt.edu/ark:/67531/metapth2627/
info:ark/67531/metapth2626,"Letter to Cromwell Anson Jones, 14 July 1881","Letter from Mary Jones, wife of the last president of the Republic of Texas.","Jones, Mary Smith McCrory, 1819-1907 -- Correspondence | Letters | People - Individuals - Mary Jones","Jones, Mary Smith McCrory",1881-07-14,Letter,Text,English,,,,,"United States - Texas - Hardin County - Sour Lake | New South, Populism, Progressivism, and the Great Depression, 1877-1939 | 1881-07-14",https://texashistory.unt.edu/ark:/67531/metapth2626/
info:ark/67531/metapth2625,"Letter to Cromwell Anson Jones, 16 July [1881]","Letter from Mary Jones, wife of the last president of the Republic of Texas.","Jones, Mary Smith McCrory, 1819-1907 -- Correspondence. | Letters | People - Individuals - Mary Jones","Jones, Mary Smith McCrory",1881-07-16,Letter,Text,English,,,,,"United States - Texas - Hardin County - Sour Lake | New South, Populism, Progressivism, and the Great Depression, 1877-1939 | 1881-07-16",https://texashistory.unt.edu/ark:/67531/metapth2625/
info:ark/67531/metapth2624,"Letter to Cromwell Anson Jones, 26 July 1882","Letter from Mary Jones, wife of the last president of the Republic of Texas.","Jones, Mary Smith McCrory, 1819-1907 -- Correspondence | Letters | People - Individuals - Mary Jones","Jones, Mary Smith McCrory",1882-07-26,Letter,Text,English,,,,,"United States - Texas - Hardin County - Sour Lake | New South, Populism, Progressivism, and the Great Depression, 1877-1939 | 1882-07-26",https://texashistory.unt.edu/ark:/67531/metapth2624/
info:ark/67531/metapth2623,"Letter to Cromwell Anson Jones, 13 September 1882","Letter from Mary Jones, wife of the last president of the Republic of Texas.","Jones, Mary Smith McCrory, 1819-1907 -- Correspondence | Letters | People - Individuals - Mary Jones","Jones, Mary Smith McCrory",1882-09-13,Letter,Text,English,,,,,"New South, Populism, Progressivism, and the Great Depression, 1877-1939 | 1882-09-13",https://texashistory.unt.edu/ark:/67531/metapth2623/
info:ark/67531/metapth2622,"Letter to Cromwell Anson Jones, 19 September 1882","Letter from Mary Jones, wife of the last president of the Republic of Texas.","Jones, Mary Smith McCrory, 1819-1907 -- Correspondence | Letters | People - Individuals - Mary Jones","Jones, Mary Smith McCrory",1882-09-19,Letter,Text,English,,,,,"New South, Populism, Progressivism, and the Great Depression, 1877-1939 | 1882-09-19",https://texashistory.unt.edu/ark:/67531/metapth2622/
info:ark/67531/metapth2621,"Letters to Mary Jones's son, undated [10 items]","10 undated letters from Mary Jones, wife of the last president of the Republic of Texas.","Jones, Mary Smith McCrory, 1819-1907 -- Correspondence | Letters | People - Individuals - Mary Jones","Jones, Mary Smith McCrory",,Letter,Text,English,,,,,"Civil War and Reconstruction, 1861-1876",https://texashistory.unt.edu/ark:/67531/metapth2621/
info:ark/67531/metapth2620,Parts of Letters - 2 Items,"Parts of letters from Mary Jones, wife of the last president of the Republic of Texas.","Jones, Mary Smith McCrory, 1819-1907 -- Correspondence | Letters | People - Individuals - Mary Jones","Jones, Mary Smith McCrory",,Letter,Text,English,,,,,"Civil War and Reconstruction, 1861-1876",https://texashistory.unt.edu/ark:/67531/metapth2620/
info:ark/67531/metapth2619,"Letter to Cromwell Anson Jones, 27 November 1878","Letter from R. Gaston Ashe, husband of Mary Jones's daughter Sallie S. Mary Jones was the wife of the last president of the Republic of Texas.",Letters | People - Individuals - Mary Jones,"Ashe, R. Gaston",1878-11-27,Letter,Text,English,,,,,"New South, Populism, Progressivism, and the Great Depression, 1877-1939 | 1878-11-27",https://texashistory.unt.edu/ark:/67531/metapth2619/
info:ark/67531/metapth2618,"Letter to Cromwell Anson Jones, 8 September 1874","Letter from Sallie Ashe, daughter of the last president of the Republic of Texas.",Letters | People - Individuals - Mary Jones,"Ashe, Sallie Jones",1874-09-08,Letter,Text,English,,,,,"United States - Texas - Harris County - Lynchburg | Civil War and Reconstruction, 1861-1876 | 1874-09-08",https://texashistory.unt.edu/ark:/67531/metapth2618/
info:ark/67531/metapth2617,"Letter to Cromwell Anson Jones, 16 November 1875","Letter from Sallie Ashe, daughter of the last president of the Republic of Texas.",Letters | People - Individuals - Mary Jones,"Ashe, Sallie Jones",1875-11-16,Letter,Text,English,,,,,"United States - Texas - Montgomery County - Willis | Civil War and Reconstruction, 1861-1876 | 1875-11-16",https://texashistory.unt.edu/ark:/67531/metapth2617/
info:ark/67531/metapth2616,"Letter to Cromwell Anson Jones, 24 April 1876","Letter from Sallie Jones Ashe, daughter of the last president of the Republic of Texas.",Letters | People - Individuals - Mary Jones,"Ashe, Sallie Jones",1876-04-24,Letter,Text,English,,,,,"United States - Texas - Navarro County - Crystal Creek | Civil War and Reconstruction, 1861-1876 | 1876-04-24",https://texashistory.unt.edu/ark:/67531/metapth2616/
info:ark/67531/metapth2615,"Letter from Henry Cowing to Mary Jones, ca. December 1872 or January 1873","Letter from Henry Cowing to Mary Jones, wife of the last president of the Republic of Texas.","Smith, Mary Jones McCrory, 1819-1907 -- Correspondence. | Letters | People - Individuals - Mary Jones","Cowing, Henry",1872/1873,Letter,Text,English,,,,,"Civil War and Reconstruction, 1861-1876 | 1872/1873",https://texashistory.unt.edu/ark:/67531/metapth2615/
info:ark/67531/metapth2637,"Letter to Cromwell Anson Jones, [26 November 1880]","Letter from Mary Jones, wife of the last president of the Republic of Texas.","Jones, Mary Smith McCrory, 1819-1907 -- Correspondence. | Letters | People - Individuals - Mary Jones","Jones, Mary Smith McCrory",1880-11-26,Letter,Text,English,,,,,"New South, Populism, Progressivism, and the Great Depression, 1877-1939 | 1880-11-26",https://texashistory.unt.edu/ark:/67531/metapth2637/
info:ark/67531/metapth2636,"Letter to Cromwell Anson Jones, 28 November [1880]","Letter from Mary Jones, wife of the last president of the Republic of Texas.","Jones, Mary Smith McCrory, 1819-1907 -- Correspondence. | Letters | People - Individuals - Mary Jones","Jones, Mary Smith McCrory",1880-11-28,Letter,Text,English,,,,,"New South, Populism, Progressivism, and the Great Depression, 1877-1939 | 1880-11-28",https://texashistory.unt.edu/ark:/67531/metapth2636/
info:ark/67531/metapth2632,"Letter to Cromwell Anson Jones, 7 December 1880","Letter from Mary Jones, wife of the last president of the Republic of Texas.","Jones, Mary Smith McCrory, 1819-1907 -- Correspondence | Letters | People - Individuals - Mary Jones","Jones, Mary Smith McCrory",1880-12-07,Letter,Text,English,,,,,"United States - Texas - Montgomery County - Willis | New South, Populism, Progressivism, and the Great Depression, 1877-1939 | 1880-12-07",https://texashistory.unt.edu/ark:/67531/metapth2632/
info:ark/67531/metapth2631,"Letter to Cromwell Anson Jones, 15 December 1880","Letter from Mary Jones, wife of the last president of the Republic of Texas.","Jones Mary Smith McCrory, 1819-1907 -- Correspondence | Letters | People - Individuals - Mary Jones","Jones, Mary Smith McCrory",1880-12-15,Letter,Text,English,,,,,"United States - Texas - Montgomery County - Willis | New South, Populism, Progressivism, and the Great Depression, 1877-1939 | 1880-12-15",https://texashistory.unt.edu/ark:/67531/metapth2631/
info:ark/67531/metapth2614,"Letter to Mary Jones, 14 November 1858","Letter to Mary Jones, wife of the last president of the Republic of Texas, from Joseph E. Field.","Jones, Mary Smith McCrory, 1819-1907 -- Correspondence | Letters | People - Individuals - Mary Jones","Field, Joseph E.",1858-11-14,Letter,Text,English,,,,,"United States - Texas - Lavaca County | The Texas Frontier, 1846-1861 | 1858-11-14",https://texashistory.unt.edu/ark:/67531/metapth2614/
info:ark/67531/metapth2613,"Letter to Mary Jones, 29 December 1858","Letter to Mary Jones, wife of the last president of the Republic of Texas, from Joseph E. Field.","Jones, Mary Smith McCrory, 1819-1907 -- Correspondence | Letters | People - Individuals - Mary Jones","Field, Joseph E.",1858-12-29,Letter,Text,English,,,,,"United States - Texas - Franklin County - Lavada | The Texas Frontier, 1846-1861 | 1858-12-29",https://texashistory.unt.edu/ark:/67531/metapth2613/
info:ark/67531/metapth2612,"Letter to Mary Jones, 10 January 1859","Letter to Mary Jones, wife of the last president of the Republic of Texas, from Joseph E. Field.","Jones, Mary Smith McCrory, 1819-1907 -- Correspondence | Letters | People - Individuals - Mary Jones","Field, Joseph E.",1859-01-10,Letter,Text,English,,,,,"United States - Texas - Franklin County - Lavada | Civil War and Reconstruction, 1861-1876 | 1859-01-10",https://texashistory.unt.edu/ark:/67531/metapth2612/
info:ark/67531/metapth2611,"Letter to Mary Jones, [1867]","Copy of a letter to Mary Jones, wife of the last president of the Republic of Texas, from Joseph E. Field.","Jones, Mary Smith McCrory, 1819-1907 -- Correspondence. | Letters | People - Individuals - Mary Jones","Field, Joseph E.",1867,Letter,Text,English,,,,,"Civil War and Reconstruction, 1861-1876 | 1867",https://texashistory.unt.edu/ark:/67531/metapth2611/
info:ark/67531/metapth2610,"Letter to Mary Jones, 7 October 1877","Letter to Mary Jones, wife of the last president of the Republic of Texas, from her son, Cromwell Anson Jones.","Jones, Mary Smith McCrory, 1819-1907 -- Correspondence. | Jones, C. Anson (Cromwell Anson), b. 1850 -- Correspondence. | Letters | People - Individuals - Mary Jones","Jones, C. Anson (Cromwell Anson), 1850-",1877-10-07,Letter,Text,English,,,,,"United States - Texas - Harris County - Houston | New South, Populism, Progressivism, and the Great Depression, 1877-1939 | 1877-10-07",https://texashistory.unt.edu/ark:/67531/metapth2610/
info:ark/67531/metapth2609,"Letter to Mary Jones, 18 October, 1875","Letter to Mary Jones, wife of the last president of the Republic of Texas.","Jones, Mary Smith McCrory, 1819-1907 -- Correspondence | Letters | People - Individuals - Mary Jones","McMillan, J.J.",1875-10-18,Letter,Text,English,,,,,"United States - Texas - Harris County | Civil War and Reconstruction, 1861-1876 | 1875-10-18",https://texashistory.unt.edu/ark:/67531/metapth2609/
info:ark/67531/metapth2608,"Property taxes paid to the state and county by Mary Jones, 1858",Receipt documenting property tax paid by Mary Jones for the year 1858. Includes list of property.,Property tax -- Texas | People - Individuals - Mary Jones,,1858,Text,Text,English,,Public,,,"United States - Texas - Brazoria County | The Texas Frontier, 1846-1861 | 1858",https://texashistory.unt.edu/ark:/67531/metapth2608/
info:ark/67531/metapth2607,"Tax receipt for Mary Jones, signed in 1860",Receipt documenting property tax paid by Mary Jones for the year 1859. Includes list of property.,Property tax -- Texas | People - Individuals - Mary Jones,,1860-03-11,Letter,Text,English,,Public,,,"The Texas Frontier, 1846-1861 | 1859/1860",https://texashistory.unt.edu/ark:/67531/metapth2607/
info:ark/67531/metapth2606,"Tax receipt for Mary Jones, signed in 1862",Receipt documenting property tax paid by Mary Jones for the year 1860. Includes list of property.,Property tax -- Texas | People - Individuals - Mary Jones,,1862-07-07,Text,Text,English,,Public,,,"Civil War and Reconstruction, 1861-1876 | 1862-07-07",https://texashistory.unt.edu/ark:/67531/metapth2606/
info:ark/67531/metapth2605,"Confederate tax receipts for Mary Jones, signed in 1864",Receipts documenting ad valorem tax and soldiers' fund tax on ad valorem tax and agriculture for 1864. Includes estimate of tithes due from Mrs. Jones on corn and fodder.,Ad valorem tax. | Property tax -- Texas. | Confederate States of America | People - Individuals - Mary Jones,,1864-12-06,Text,Text,English,,Public,,,"Civil War and Reconstruction, 1861-1876 | 1864",https://texashistory.unt.edu/ark:/67531/metapth2605/
info:ark/67531/metapth2604,"Tax receipt for Mary Jones, signed in 1865","Receipt documenting property tax paid by Mary Jones for the year 1865. Taxed items listed were land, horses, cattle, hens, hogs, a gold watch, and a piano.",Property tax -- Texas | People - Individuals - Mary Jones,,1865-12-16,Letter,Text,English,,Public,,,"The Cattle Boom, 1865-1890 | 1865-12-16",https://texashistory.unt.edu/ark:/67531/metapth2604/
info:ark/67531/metapth2603,"Statement of taxes due to the city of Houston from Mrs. Mary Jones, 1898",Statement documenting valuation of property in 1897 and 1898 for taxes owed to the city of Houston.,Property tax -- Texas. | People - Individuals - Mary Jones,,1897/1898,Letter,Text,English,,Public,,,"New South, Populism, Progressivism, and the Great Depression, 1877-1939 | 1897/1898",https://texashistory.unt.edu/ark:/67531/metapth2603/
info:ark/67531/metapth2602,"Deed of land, 1879",Deed transferring land from David A. Wiggins and Anne J. Wiggins to Mary Jones.,Deeds-Texas-Montgomery County | People - Individuals - Mary Jones,,1879,Letter,Text,English,,,,,"United States - Texas - Montgomery County | New South, Populism, Progressivism, and the Great Depression, 1877-1939 | 1879",https://texashistory.unt.edu/ark:/67531/metapth2602/
info:ark/67531/metapth2601,"General power of attorney, 1890","Document appoints C. E. Ashe as attorney for Mary Jones, Samuel E. Jones, Sallie S. Ashe, and R. G. Ashe to settle two certain suits pending in the District Court of Angelina County.",Legal instruments | People - Individuals - Mary Jones,,1890-07-09,Letter,Text,English,,,,,"New South, Populism, Progressivism, and the Great Depression, 1877-1939 | 1890-07-09",https://texashistory.unt.edu/ark:/67531/metapth2601/
info:ark/67531/metapth2600,"Deed of land, 1892","Deed transferring land from Mary Jones, Sallie S. Ashe and R.G. Ashe to Samuel E. Jones.",Deeds-Texas-Harris County | People - Individuals - Mary Jones,,1892,Letter,Text,English,,,,,"United States - Texas - Harris County | New South, Populism, Progressivism, and the Great Depression, 1877-1939 | 1892",https://texashistory.unt.edu/ark:/67531/metapth2600/
info:ark/67531/metapth2599,"Deed of land, 1892",Deed transferring land from Mary Jones and Sallie S. Ashe to Samuel E. Jones.,Deeds-Texas-Harris County | People - Individuals - Mary Jones,,1892,Letter,Text,English,,,,,"United States - Texas - Harris County | New South, Populism, Progressivism, and the Great Depression, 1877-1939 | 1892",https://texashistory.unt.edu/ark:/67531/metapth2599/
info:ark/67531/metapth2598,"Deed of land, 1895","Deed transferring land from Mary Jones, Samuel E. Jones, Sallie S. Ashe, and R.G. Ash to J.P. Magee.",Deeds-Texas-Harris County | People - Individuals - Mary Jones,,1895,Letter,Text,English,,,,,"United States - Texas - Harris County | New South, Populism, Progressivism, and the Great Depression, 1877-1939 | 1895",https://texashistory.unt.edu/ark:/67531/metapth2598/
info:ark/67531/metapth2597,"The City of Houston vs. Mrs. Mary Jones, summons issued 9 May 1898",Court summons for Mary Jones to appear in District Court in June 1898 to answer the petition of the city of Houston for city taxes due for 1897.,Summons | Property tax -- Texas | People - Individuals - Mary Jones,,1898-05-09,Text,Text,English,,Public,,,"United States - Texas - Harris County - Houston | New South, Populism, Progressivism, and the Great Depression, 1877-1939 | 1898-05-09",https://texashistory.unt.edu/ark:/67531/metapth2597/
info:ark/67531/metapth2596,"Announcement of property sale, 1900",Notice of a sale of a parcel of Mary Jones's land to satisfy indebtedness to the city of Houston,Judicial Sales | auctions | People - Individuals - Mary Jones,,1900,Letter,Text,English,,Public,,,"United States - Texas - Harris County | New South, Populism, Progressivism, and the Great Depression, 1877-1939 | 1900",https://texashistory.unt.edu/ark:/67531/metapth2596/
info:ark/67531/metapth2595,"Law Suit, undated",Undated lawsuit.,Letters | People - Individuals - Mary Jones,,,Letter,Text,English,,,,,"New South, Populism, Progressivism, and the Great Depression, 1877-1939",https://texashistory.unt.edu/ark:/67531/metapth2595/
info:ark/67531/metapth2594,"Property list, undated","Property list, undated.",Letters | People - Individuals - Mary Jones,,,Letter,Text,English,,,,,"New South, Populism, Progressivism, and the Great Depression, 1877-1939",https://texashistory.unt.edu/ark:/67531/metapth2594/
info:ark/67531/metapth2837,[1918 Aubrey High School Yearbook],"High school yearbook for the Aubrey, Texas class of 1918. It includes photographs, names, athletics notes and memorabilia.",Education - Yearbooks | Aubrey High School | Sports and Recreation - Basketball | Places - United States - Texas - Denton County - Aubrey | Education - Schools - Students,,1918,Yearbook,[40] p. : ill.,English,,Public,,,"United States - Texas - Denton County - Aubrey | New South, Populism, Progressivism, and the Great Depression, 1877-1939 | 1918",https://texashistory.unt.edu/ark:/67531/metapth2837/
info:ark/67531/metapth2836,[Portrait of Virgie Adams],"Studio photograph of Virgie Adams, who wears a white dress with a high collar.","People | Adams, Virgie | photographs | Places - United States - Texas - Denton County - Aubrey",,,Photograph,1 photograph : b&w,English,,Public,,,"United States - Texas - Denton County - Aubrey | New South, Populism, Progressivism, and the Great Depression, 1877-1939",https://texashistory.unt.edu/ark:/67531/metapth2836/
info:ark/67531/metapth2835,[Photograph of Betty and Unknown Boy],"Photograph of an adolescent girl, Betty, and a young boy. The boy is sitting in a chair and the girl stands behind him.",People - Children | photographs | Places - United States - Texas - Denton County - Aubrey,,,Photograph,1 photograph : b&w,English,,Public,,,"United States - Texas - Denton County - Aubrey | Civil War and Reconstruction, 1861-1876",https://texashistory.unt.edu/ark:/67531/metapth2835/
info:ark/67531/metapth2834,[Portrait of John Goin and Chris Gillihan],Studio photograph of two men identified as Uncle John Goin and Chris Gillihan sitting side by side.,"People | photographs | Goin, John | Gillihan, Chris",,,Photograph,1 photograph : b&w,English,,Public,,,"United States - Texas - Denton County - Aubrey | New South, Populism, Progressivism, and the Great Depression, 1877-1939",https://texashistory.unt.edu/ark:/67531/metapth2834/
info:ark/67531/metapth2833,[Goin Family],"Photograph of the Goin family. The man stands behind the chair in which the woman is seated, and a young child stands next to her holding a doll. They pose in front of a wooden house. The text reads: ""Albert Emer Willie May Goin."" It is unknown whether that is the man's full name, or if this is describing all the family members shown.","People - Family Groups | Goin, Albert | Places - United States - Texas - Denton County - Aubrey | Architecture - Buildings",,,Photograph,1 photograph : b&w,English,,Public,,,"United States - Texas - Denton County - Aubrey | New South, Populism, Progressivism, and the Great Depression, 1877-1939",https://texashistory.unt.edu/ark:/67531/metapth2833/
info:ark/67531/metapth2832,[Photograph of a Man and Woman],"Photograph of a man and woman identified as Jim and Julie. She stands behind Jim, who sits in a chair.",People - Individuals | photographs | Places - United States - Texas - Denton County - Aubrey,,,Photograph,1 photograph : b&w,English,,Public,,,"United States - Texas - Denton County - Aubrey | New South, Populism, Progressivism, and the Great Depression, 1877-1939",https://texashistory.unt.edu/ark:/67531/metapth2832/
info:ark/67531/metapth2831,[Photograph of Albert Goin],"Photograph of Albert Goin, wearing a hat. He stands in front of a painted backdrop, and holds a stick.","People | Goin, Albert | photographs | Places - United States - Texas - Denton County - Aubrey",,,Photograph,1 photograph : b&w,English,,Public,,,"United States - Texas - Denton County - Aubrey | New South, Populism, Progressivism, and the Great Depression, 1877-1939",https://texashistory.unt.edu/ark:/67531/metapth2831/
info:ark/67531/metapth2829,[Woman and Child],Photo of an unidentified woman in a fur coat holding a baby.,People | People - Children | photographs | Places - United States - Texas - Denton County - Aubrey,,,Photograph,1 photograph : b&w,English,,Public,,,"United States - Texas - Denton County - Aubrey | New South, Populism, Progressivism, and the Great Depression, 1877-1939",https://texashistory.unt.edu/ark:/67531/metapth2829/
info:ark/67531/metapth2828,[Man With Book],"Photograph of a man sitting in a chair, holding a book in one hand.",People - Individuals | books | photographs,,,Photograph,1 photograph : b&w,English,,Public,,,"United States - Texas - Denton County - Aubrey | New South, Populism, Progressivism, and the Great Depression, 1877-1939",https://texashistory.unt.edu/ark:/67531/metapth2828/
info:ark/67531/metapth2827,[Photograph of Jim and Arthur Harmon],"Photograph of two young boys, Jim and Arthur Harmon, posing for a photograph. The boy on the left sits in a wooden chair, while the boy on the right stands.","People - Children | Harmon, Arthur | Harmon, Jim | Places - United States - Texas - Denton County - Aubrey",,,Photograph,1 photograph : b&w,English,,Public,,,"United States - Texas - Denton County - Aubrey | New South, Populism, Progressivism, and the Great Depression, 1877-1939",https://texashistory.unt.edu/ark:/67531/metapth2827/
info:ark/67531/metapth2826,[Cage McNatt with Pig],Photograph of Cage McNatt standing in a field near a pig. Trees appear in the background.,"People | Agriculture - Domestic Animals - Swine | Places - United States - Texas - Denton County - Aubrey | McNatt, Cage",,,Photograph,1 photograph : b&w,English,,Public,,,"United States - Texas - Denton County - Aubrey | New South, Populism, Progressivism, and the Great Depression, 1877-1939",https://texashistory.unt.edu/ark:/67531/metapth2826/
info:ark/67531/metapth2825,[Photograph of John Oldredge],"Photograph of John Oldredge as a baby wearing a white gown, with his hair parted on the side.","People - Children | Oldredge, John | portraits | Places - United States - Texas - Denton County - Aubrey",,,Photograph,1 photograph : b&w,English,,Public,,,"United States - Texas - Denton County - Aubrey | New South, Populism, Progressivism, and the Great Depression, 1877-1939",https://texashistory.unt.edu/ark:/67531/metapth2825/
info:ark/67531/metapth2824,[Photograph of Joe Richardson and Alex Wilson],Photograph of Joe Richardson and Alex Wilson sitting side by side.,"People - Individuals | photographs | Richardson, Joe | Wilson, Alex",,,Photograph,1 photograph : b&w,English,,Public,,,"United States - Texas - Denton County - Aubrey | New South, Populism, Progressivism, and the Great Depression, 1877-1939",https://texashistory.unt.edu/ark:/67531/metapth2824/
info:ark/67531/metapth2823,[Photograph of Glenn and Jamie Slaton],"Photograph of Glenn and Jamie Slaton as young boys. One sits on a bench to the left, and the other has his hand on the back of the bench.","People - Children | photographs | Slaton, Glenn | Slaton, Jamie",,,Photograph,1 photograph : b&w,English,,Public,,,"United States - Texas - Denton County - Aubrey | New South, Populism, Progressivism, and the Great Depression, 1877-1939",https://texashistory.unt.edu/ark:/67531/metapth2823/
info:ark/67531/metapth2822,"[Photograph of Garland, Dora, and Peck McNatt]","Postcard photograph of three children. From left to right, they are Garland, Dora and Peck McNatt.","People - Children | Places - United States - Texas - Denton County - Aubrey | McNatt, Garland | McNatt, Dora | McNatt, Peck",,,Postcard,1 photograph : b&w,English,,Public,Bouncer Goin's Blue Album,,"United States - Texas - Denton County - Aubrey | New South, Populism, Progressivism, and the Great Depression, 1877-1939",https://texashistory.unt.edu/ark:/67531/metapth2822/
info:ark/67531/metapth2821,[Photograph of John Oldredge],Photograph of John Oldredge from the chest up.,"People - Individuals | Oldredge, John | photographs | Places - United States - Texas - Denton County - Aubrey",,,Photograph,1 photograph : b&w,English,,Public,,,"United States - Texas - Denton County - Aubrey | New South, Populism, Progressivism, and the Great Depression, 1877-1939",https://texashistory.unt.edu/ark:/67531/metapth2821/
info:ark/67531/metapth2820,[Photo of William Harmon],Photograph of a man identified as William Harmon. He wears a three piece suit and has a full white beard.,"People | photographs | Places - United States - Texas - Denton County - Aubrey | Harmon, William","Marable, Matthew M.",,Photograph,1 photograph : b&w,English,,Public,,,"United States - Texas - Denton County - Aubrey | New South, Populism, Progressivism, and the Great Depression, 1877-1939",https://texashistory.unt.edu/ark:/67531/metapth2820/
info:ark/67531/metapth2819,[Will Rice with Wife and Children],Studio photograph of Will Rice with his wife and three children.,"People - Family Groups | Rice, Will | photographs | Places - United States - Texas - Denton County - Aubrey",,,Photograph,1 photograph : b&w,English,,Public,,,"United States - Texas - Denton County - Aubrey | Civil War and Reconstruction, 1861-1876",https://texashistory.unt.edu/ark:/67531/metapth2819/
info:ark/67531/metapth2818,[Photo of an Unidentified Man],"Faded photograph of an unidentified gentleman. He has a mustache, a light colored suit, and a large bow tie.",People - Individuals | photographs | Places - United States - Texas - Denton County - Aubrey,,,Photograph,1 photograph : b&w,English,,Public,,,"United States - Texas - Denton County - Aubrey | Civil War and Reconstruction, 1861-1876",https://texashistory.unt.edu/ark:/67531/metapth2818/
info:ark/67531/metapth2817,[Cora Sardin's Mother With Baby],"Photograph of a woman identified as ""Cora Sardin's mother,"" with a child. It's not clear if the child is Cora Sardin herself.","People - Children | photographs | Sardin, Cora | Places - United States - Texas - Denton County - Aubrey",,,Photograph,1 photograph : b&w,English,,Public,,,"United States - Texas - Denton County - Aubrey | Civil War and Reconstruction, 1861-1876",https://texashistory.unt.edu/ark:/67531/metapth2817/
info:ark/67531/metapth2816,[Woman with Hat],Photograph of an unnamed woman. She is standing next to an ornate hat that sits on a chair next to her.,People | Social Life and Customs - Clothing - Accessories - Hats | photographs | Places - United States - Texas - Denton County - Aubrey,,,Photograph,1 photograph : b&w,English,,Public,,,"United States - Texas - Denton County - Aubrey | New South, Populism, Progressivism, and the Great Depression, 1877-1939",https://texashistory.unt.edu/ark:/67531/metapth2816/
info:ark/67531/metapth2815,[Man with Sculpture],Studio photograph of an unidentified man standing next to some kind of sculpture.,People - Individuals | photographs | Arts and Crafts - Sculptures,,,Photograph,1 photograph : b&w,English,,Public,,,"United States - Texas - Denton County - Aubrey | Civil War and Reconstruction, 1861-1876",https://texashistory.unt.edu/ark:/67531/metapth2815/
info:ark/67531/metapth2814,[Studio Photo of Baby],Studio photograph of an unidentified baby wearing a white gown and shoes.,photographs | People - Children | Places - United States - Texas - Denton County - Aubrey,,,Photograph,1 photograph : b&w,English,,Public,,,"United States - Texas - Denton County - Aubrey | New South, Populism, Progressivism, and the Great Depression, 1877-1939",https://texashistory.unt.edu/ark:/67531/metapth2814/
info:ark/67531/metapth2813,[Damaged Photograph of Man],Damaged photograph of a young man in a dark jacket.,People - Individuals | tintypes | Places - United States - Texas - Denton County - Aubrey,,,Photograph,1 tintype : b&w,English,,Public,,,"United States - Texas - Denton County - Aubrey | Civil War and Reconstruction, 1861-1876",https://texashistory.unt.edu/ark:/67531/metapth2813/
info:ark/67531/metapth2812,[Studio Portrait of a Man],Studio photograph of a seated unidentified man wearing a three-piece suit. The photo has been colorized slightly.,People - Individuals | photographs | Places - United States - Texas - Denton County - Aubrey,,,Photograph,1 photograph : b&w,English,,Public,,,"United States - Texas - Denton County - Aubrey | New South, Populism, Progressivism, and the Great Depression, 1877-1939",https://texashistory.unt.edu/ark:/67531/metapth2812/
info:ark/67531/metapth2811,[Portrait of Arthur and Jim Harmon],"Photograph of Arthur and Jim Harmon, as children. Jim, the baby, wears a white gown, and Arthur wears a plaid gown with a bow at the neck.","People - Children | Harmon, Arthur | Harmon, Jim | portraits",,,Photograph,1 photograph : b&w,English,,Public,,,"United States - Texas - Denton County - Aubrey | New South, Populism, Progressivism, and the Great Depression, 1877-1939",https://texashistory.unt.edu/ark:/67531/metapth2811/
info:ark/67531/metapth2810,[Photograph of Jon Book],Damaged photograph of Jon Book in a suit and bowtie.,"People - Individuals | Book, Jon | photographs",,,Photograph,1 photograph : b&w,English,,Public,,,"United States - Texas - Denton County - Aubrey | Civil War and Reconstruction, 1861-1876",https://texashistory.unt.edu/ark:/67531/metapth2810/
info:ark/67531/metapth2809,[Unidentified Young Boy],"Photograph of a young boy. A hand is on his shoulder, and other people are visible behind him.",People - Individuals | People - Children | photographs | Places - United States - Texas - Denton County - Aubrey,,,Photograph,1 photograph : b&w,English,,Public,,,"United States - Texas - Denton County - Aubrey | Civil War and Reconstruction, 1861-1876",https://texashistory.unt.edu/ark:/67531/metapth2809/
info:ark/67531/metapth2808,[Woman in Checkered Dress],Photograph of a woman wearing a dark-colored checkered dress. Her cheeks and collar have been colorized.,People - Individuals | photographs | Places - United States - Texas - Denton County - Aubrey | Social Life and Customs - Clothing,,,Photograph,2 photographs : b&w,English,,Public,,,"United States - Texas - Denton County - Aubrey | New South, Populism, Progressivism, and the Great Depression, 1877-1939",https://texashistory.unt.edu/ark:/67531/metapth2808/
info:ark/67531/metapth2807,[Portrait of Unidentified Man],"Tintype of an unidentified man, who wears a vest and a suit jacket.",People - Individuals | tintypes | Places - United States - Texas - Denton County - Aubrey,,,Photograph,1 tintype : b&w,English,,Public,,,"United States - Texas - Denton County - Aubrey | Civil War and Reconstruction, 1861-1876",https://texashistory.unt.edu/ark:/67531/metapth2807/
info:ark/67531/metapth2806,[Man in Uniform],Photograph of a man posing in a Confederate Army uniform.,People - Individuals | Military and War - Uniforms and Insignia | Places - United States - Texas - Denton County - Aubrey | photographs | Military and War - Wars - Civil War,,,Photograph,2 photographs : b&w,English,,Public,,,"United States - Texas - Denton County - Aubrey | Civil War and Reconstruction, 1861-1876",https://texashistory.unt.edu/ark:/67531/metapth2806/
info:ark/67531/metapth2805,[Portrait of Unidentified Gentleman],Framed photograph of an unidentified man. The coat looks like it may be part of a uniform.,People - Individuals | photographs | Military and War - Uniforms and Insignia | Places - United States - Texas - Denton County - Aubrey,,,Photograph,1 photograph : b&w,English,,Public,,,"United States - Texas - Denton County - Aubrey | Civil War and Reconstruction, 1861-1876",https://texashistory.unt.edu/ark:/67531/metapth2805/
info:ark/67531/metapth2804,[Boy With Book],Photograph of a boy sitting with a book on his lap.,People - Individuals | portraits | books | People - Children,,,Photograph,2 photographs : b&w,English,,Public,,,"United States - Texas - Denton County - Aubrey | New South, Populism, Progressivism, and the Great Depression, 1877-1939",https://texashistory.unt.edu/ark:/67531/metapth2804/
info:ark/67531/metapth2803,[Boy Standing Next to Chair],"Photograph of an adolescent boy standing next to a chair, with his left hand resting on the chair's back.",People - Individuals | People - Children | Places - United States - Texas - Denton County - Aubrey | portraits,,,Photograph,2 photographs : b&w,English,,Public,,,"United States - Texas - Denton County - Aubrey | New South, Populism, Progressivism, and the Great Depression, 1877-1939",https://texashistory.unt.edu/ark:/67531/metapth2803/
info:ark/67531/metapth2802,[Man in Suit],Photograph of an unidentified man in a formal suit sitting in a chair. The photo has been partially colorized.,People - Individuals | Places - United States - Texas - Denton County - Aubrey | photographs,,,Photograph,2 photographs : b&w,English,,Public,,,"United States - Texas - Denton County - Aubrey | New South, Populism, Progressivism, and the Great Depression, 1877-1939",https://texashistory.unt.edu/ark:/67531/metapth2802/
info:ark/67531/metapth2801,[Portrait of Two Young Men],"Studio photograph of two unidentified young men. The man on the left sits in a chair, and the man to the right stands with his hand on the first man's shoulder.",People | photographs | Places - United States - Texas - Denton County - Aubrey,,,Photograph,2 photographs : b&w,English,,Public,,,"United States - Texas - Denton County - Aubrey | New South, Populism, Progressivism, and the Great Depression, 1877-1939",https://texashistory.unt.edu/ark:/67531/metapth2801/
info:ark/67531/metapth3444,[Bell County Ex Confederate Association Ledger],"A ledger that chronicles Confederate veterans who settled in Bell County, Texas, after the Civil War. The ledger lists members by the state they enlisted in, and often includes notes on where a particular person fought, and may note a date of death.","Confederate veterans (Bell County, Texas) | United States -- History -- Civil War, 1861-1865 -- Societies, etc. -- Confederate. | Social Life and Customs - Clubs and Organizations | Military and War - Wars - Civil War | Military and War - Personnel - Veterans",Bell County Ex Confederate Association,1888,Book,"cloth bound ledger 11"" x 16 3/4""",English,,Public,,,"United States - Texas - Bell County - Belton | New South, Populism, Progressivism, and the Great Depression, 1877-1939 | 1888/1920",https://texashistory.unt.edu/ark:/67531/metapth3444/
info:ark/67531/metapth2461,"Texas: the rise, progress, and prospects of the Republic of Texas.",A map of the south central United States. There are many territories and landmarks represented on this map. The focus of the map is on Texas but there are a few other surrounding states on the map.,Landscape and Nature - Geography and Maps | Texas -- Maps,"Kennedy, William",1841,Map,2 v. maps (2 fold.) 22 cm.,English,R. Hastings,,,"Is part of: Texas: the rise, progress, and prospects of the Republic of Texas, Vol.1","United States - Texas | The Republic of Texas, 1836-1846 | 1841",https://texashistory.unt.edu/ark:/67531/metapth2461/
info:ark/67531/metapth2452,"Mexico, Guatemala, and the West Indies.",Map. Relief shown by land form drawings. Prime meridians: Greenwich and Washington.,Landscape and Nature - Geography and Maps | Mexico -- Maps. | Guatemala -- Maps. | West Indies -- Maps. | Caribbean area -- Maps. | United States -- Maps.,"Bradford, T. G.",1835,Map,1 map : col. ; 19 x 24 cm.,English,Bradford,Public,,,"United States - Texas | Mexican Texas, 1821-1835 | 1835 | Mexico | Mexican Texas, 1821-1835",https://texashistory.unt.edu/ark:/67531/metapth2452/
info:ark/67531/metapth2451,Mexico and internal provinces / prepared from Humboldt's map & other documents by J. Finlayson ; engrav'd by Young & Delleker.,"Title in upper margin: Geographical, statistical and historical map of Mexico. ""Mexico. No. 38."" Relief shown by hachures. Prime meridians: London and Washington. Includes text in margins.",Landscape and Nature - Geography and Maps | Mexico -- Maps. | Southwestern States -- Maps.,"Finlayson, J.",1822,Map,1 map : col. ; 37 x 36 cm.,English,Carey & Lea,Public,,,"Mexico | Mexican Texas, 1821-1835 | 1822",https://texashistory.unt.edu/ark:/67531/metapth2451/
info:ark/67531/metapth2450,"Mexico / Young & Delleker, sc.",Relief shown pictorially. Prime meridians: Greenwich and Washington.,Landscape and Nature - Geography and Maps | Mexico -- Maps. | Guatemala -- Maps. | Southwestern States -- Maps.,"Young, J. H. (James Hamilton)",1824,Map,1 map : col. ; 21 x 28 cm.,English,A. Finley,Public,,,"Mexico | Mexican Texas, 1821-1835 | 1824",https://texashistory.unt.edu/ark:/67531/metapth2450/
info:ark/67531/metapth2449,Mexico & Guatemala / by H.S. Tanner ; engraved by J. Knight.,Tanner's universal atlas. Relief shown by hachures. Prime meridian: Washington. Insets: Valley of Mexico -- Guatemala.,Landscape and Nature - Geography and Maps | Mexico -- Maps. | Guatemala -- Maps. | Southwestern States -- Maps.,"Tanner, Henry Schenck | Knight, J.",1834,Map,1 map : color ; 27 x 35 cm.,English,H. S. Tanner,Public,,,"Mexico | Guatemala | Mexican Texas, 1821-1835 | 1834",https://texashistory.unt.edu/ark:/67531/metapth2449/
info:ark/67531/metapth2448,Mexico / engraved by S. Hall.,Relief shown by hachures. Prime meridian: Greenwich. Inset: Guatemala.,Landscape and Nature - Geography and Maps | Mexico -- Maps. | Guatemala -- Maps. | Southwestern States -- Maps.,"Hall, Sidney",1852,Map,1 map : col. ; 24 x 36 cm.,English,,Public,,,"Mexico | The Texas Frontier, 1846-1861 | 1852",https://texashistory.unt.edu/ark:/67531/metapth2448/
info:ark/67531/metapth2447,"Mexico, or, New Spain : in which the motion of Cortes may be traced / for the Rev. Dr. Robertson's History of America by Thos. Kitchin Senr., hydrographer to His Majesty.","Relief shown pictorially. Prime meridian: Ferro. Inset: Supplement of the environs of Mexico. ""Vol. 2.""",Landscape and Nature - Geography and Maps | Mexico -- Maps. | Southwestern States -- Maps. | Guatemala -- Maps. | Spanish Mexico,"Kitchin, Thomas | Robertson, William",1777,Map,1 map ; 28 x 37 cm.,English,W. Straham and T. Cadell,,,,"Mexico | Spanish Texas, 1690-1821 | 1777-09-29",https://texashistory.unt.edu/ark:/67531/metapth2447/
info:ark/67531/metapth2446,"Mexico and Guatimala [sic] / J.H. Young, sc.",Relief shown pictorially. Prime meridians: Greenwich and Washington.,"Landscape and Nature - Geography and Maps | Mexico -- Maps. | Central America -- Maps. | Southern States -- Maps. | Southwest, New -- Maps.","Young, J. H. (James Hamilton)",1828,Map,1 map : color ; 19 x 24 cm.,English,,Public,,,"Mexico | Guatemala | Mexican Texas, 1821-1835 | 1828",https://texashistory.unt.edu/ark:/67531/metapth2446/
info:ark/67531/metapth2445,The United States of Mexico.,"Relief shown by hachures. Prime meridians: Greenwich and Washington. Inset: Guatemala, or, The United Provinces of Central America.",Landscape and Nature - Geography and Maps | Mexico -- Maps. | Central America -- Maps. | Southwestern States -- Maps.,"Greenleaf, J.",1848,Map,1 map : col. ; 31 x 26 cm.,English,,Public,,,"Mexico | The Texas Frontier, 1846-1861 | 1848",https://texashistory.unt.edu/ark:/67531/metapth2445/
info:ark/67531/metapth2444,Mexico & Guatemala,Relief shown by hachures. Prime meridian: Washington. Insets: Guatemala -- Valley of Mexico.,Landscape and Nature - Geography and Maps | Mexico -- Maps. | Central America -- Maps. | Southwestern States -- Maps.,"Mitchell, S. Augustus (Samuel Augustus), 1792-1868",1850,Map,1 map : color ; 27 x 35 cm.,English,S. A. Mitchell,Public,,,"Mexico | Guatemala | The Texas Frontier, 1846-1861 | 1850",https://texashistory.unt.edu/ark:/67531/metapth2444/
info:ark/67531/metapth2492,"A new & accurate map of Mexico or New Spain together with California, New Mexico &c. / drawn from the best modern maps & charts & regulated by astronl. observns. by Eman: Bowen.","Map of New Spain, 1752.","Landscape and Nature - Geography and Maps | Southwest, New -- Maps | Mexico -- Maps | Central America -- Maps | Southern States -- Maps | Spanish Mexico","Bowen, Emanuel",,Map,1 map ; 34 x 42 cm.,English,,,,,Central America and Caribbean | The Texas Landscape | 1752 | Mexico | United States - Texas,https://texashistory.unt.edu/ark:/67531/metapth2492/
info:ark/67531/metapth2491,Mexico or New Spain.,"Map of New Spain. Relief shown by hachures. Prime meridians: Philadelphia and London. Hand colored. Insets: Costa Rica, Veragua, Darien.","Landscape and Nature - Geography and Maps | Mexico -- Maps. | Central America -- Maps. | Southwest, New -- Maps.","Lewis, Samuel",1814,Map,1 map : color ; 43 x 37 cm.,English,Carey,Public,,,United States - Texas | The Texas Landscape | 1814,https://texashistory.unt.edu/ark:/67531/metapth2491/
info:ark/67531/metapth2490,San Jacinto battle-ground,"From: History of Texas from its first settlement in 1685 to its joining the United States on December 29, 1845 / H. Yoakum.","Landscape and Nature - Geography and Maps | San Jacinto, Battle of, Tex., 1836 -- Maps.","Yoakum, H. K.",1856,Map,1 plan ; 11 x 19 cm.,English,Redfield,Public,,,"United States - Texas - Harris County | 1856 | The Texas Revolution, 1835-1836",https://texashistory.unt.edu/ark:/67531/metapth2490/
info:ark/67531/metapth2489,Military Maps of the Texas revolution,"Relief shown by hachures. ""To accompany Texas independence by Col. A.J. Houston."" NTSU copy classed 976.4 H818t. Combat near the Mission Concepción -- The siege of Bexar -- Refugio Mission -- Ground plan of Fort Defiance -- Map of Texas, with Coahuila, in 1835-36 -- Military map of Texas and Coahuila, as Mexican territory, 1835-36 -- The Alamo -- Siege of the Alamo -- Fannin's fight -- Map of the battlefield of San Jacinto.","Landscape and Nature - Geography and Maps | Texas -- History -- Revolution, 1835-1836 -- Maps. | Military and War - Wars - Texas Revolution","Houston, Andrew Jackson",1938,Map,10 maps : b&w ; 28 x 41 cm. or smaller ; in envelope 30 x 37 cm.,English,Anson Jones Press,Public,,,"United States - Texas | The Texas Revolution, 1835-1836 | 1834/1836",https://texashistory.unt.edu/ark:/67531/metapth2489/
info:ark/67531/metapth2488,Texas,Map of Texas. Relief shown by hachures. Prime meridians: Washington and Greenwich. Black line print. From: History of the revolution in Texas / by C. Newell. 1838.,Landscape and Nature - Geography and Maps | Texas -- Maps. | Southwestern States -- Maps.,,1838~,Map,1 map : photocopy ; 20 x 31 cm.,English,Baker,Public,,,United States - Texas | The Texas Landscape | 1838,https://texashistory.unt.edu/ark:/67531/metapth2488/
info:ark/67531/metapth2487,A Map of Mexico and the Republic of Texas,"Map of Mexico and the southern part of the Republic of Texas with adjacent areas. Geographic features are marked, with relief shown by hachures and colors denote states and territories. Scale [ca. 1:7,000,000].",Landscape and Nature - Geography and Maps | Places - Republic of Texas | Mexico -- Maps. | Texas -- Maps.,"Niles, John M. (John Milton), 1787-1856 | Pease, L. T.",1838,Map,1 map : hand colored ; 31 x 41 cm.,English,H. Huntingdon?,Public,History of South America and Mexico / by John M. Niles. 1839. v.2.,,"United States - Texas | Mexico | The Republic of Texas, 1836-1846 | 1838 | northlimit=33.715810; eastlimit=-86.420654; southlimit=15.104653; westlimit=-118.105225;",https://texashistory.unt.edu/ark:/67531/metapth2487/
info:ark/67531/metapth2486,"Central America. II. Including Texas, California, and the northern states of Mexico","Map of Texas and northern Mexico, as well as the surrounding area. Texas is outlined in green, Mexican states are outlined in yellow, and the map also notes major cities and geography, with relief shown by hachures.",Landscape and Nature - Geography and Maps | Southwestern States -- Maps. | Mexico -- Maps.,J & C. Walker,1842,Map,1 map : hand colored ; 31 x 39 cm.,English,Charles Knight,Public,,,"United States - Texas | The Republic of Texas, 1836-1846 | 1842",https://texashistory.unt.edu/ark:/67531/metapth2486/
info:ark/67531/metapth2485,Map of Texas and part of Mexico,"Map showing Texas and the surrounding areas in the United States and Mexico. Geography and major cities are marked, with relief shown by hachures. Prime meridians: Greenwich and Washington.",Landscape and Nature - Geography and Maps | Texas -- Maps. | Mexico -- Maps. | Southwestern States -- Maps.,,1846,Map,1 map : hand colored ; 15 x 12 cm.,English,T. & E.H. Ensign,Public,,,"United States - Texas | Mexico | Annexation, 1844-1846 | 1846",https://texashistory.unt.edu/ark:/67531/metapth2485/
info:ark/67531/metapth2484,Map of the state of Texas.,"Map showing the state of Texas (shaded in yellow) and surrounding areas. Some regions and towns are noted, as well as geographic features with relief shown by hachures. Prime meridians: Greenwich and Washington.",Landscape and Nature - Geography and Maps | Texas -- Maps. | topographic maps,"Mitchell, S. Augustus (Samuel Augustus), 1792-1868",1846,Map,1 map : hand col. ; 26 x 20 cm.,English,,Public,,,"United States - Texas | Annexation, 1844-1846 | 1846",https://texashistory.unt.edu/ark:/67531/metapth2484/
info:ark/67531/metapth2483,Texas,Relief shown by hachures. Prime meridians: Washington and Greenwich. Excludes Texas west of the 101st meridian.,Landscape and Nature - Geography and Maps | Texas -- Maps.,,1857,Map,1 map : hand col. ; 16 x 14 cm.,English,Colby,Public,,,"United States - Texas | The Texas Frontier, 1846-1861 | 1857",https://texashistory.unt.edu/ark:/67531/metapth2483/
info:ark/67531/metapth2482,Map of the State of Texas: from the Latest Authorities,"Map of the state of Texas, with counties outlined and colored in the eastern half of the state. It includes labels for major cities, railway lines, and geographic features, with relief shown by hachures. The northern portion of the Texas panhandle is marked in an inset in the upper-left corner of the sheet. A second inset in the lower-left corner provides detailed views of the city of Galveston and the surrounding area. Text above the inset describes the railroads in Texas, El Llano Estacado, the Rio Grande, the Grand Indian Crossing, and the population of Texas according to the census of 1850.",Texas -- Maps. | Landscape and Nature - Geography and Maps,"Young, J. H. (James Hamilton)",1853,Map,Image,English,"Thomas, Cowperthwait & Co.",Public,,,"United States - Texas | The Texas Frontier, 1846-1861 | The Texas Landscape | 1853",https://texashistory.unt.edu/ark:/67531/metapth2482/
info:ark/67531/metapth2481,"Preliminary chart of San Luis Pass, Texas","Relief shown by hachures. Prime meridian: Greenwich. Includes texts ""Sailing directions,"" and ""Tidal remarks."" ""Sketch 1, no. 4."" ""No. 40.""",Landscape and Nature - Geography and Maps | San Luis Pass (Tex.) -- Maps.,United States Coast Survey,1853,Map,1 map ; 34 x 43 cm.,English,United States Coast Survey,,,,"United States - Texas - Brazoria County - Brazoria | United States - Texas - Galveston County - Galveston | The Texas Frontier, 1846-1861 | 1853",https://texashistory.unt.edu/ark:/67531/metapth2481/
info:ark/67531/metapth2480,"Preliminary survey of the entrance to the Rio Grande, Texas","Relief shown by hachures. Prime meridian: Greenwich. Includes text on soundings and tides. ""I no. 2."" ""No. 40.""",Landscape and Nature - Geography and Maps | Rio Grande Estuary -- Maps.,United States Coast Survey,1854,Map,1 map ; 34 x 36 cm.,English,United States Coast Survey,,,,"United States - Texas - DeWitt County - Cameron | The Texas Frontier, 1846-1861 | 1854",https://texashistory.unt.edu/ark:/67531/metapth2480/
info:ark/67531/metapth2479,Texas,A color coded map of Texas from the year 1855.,Landscape and Nature - Geography and Maps | Places - United States - Texas | topographic maps | counties | Texas -- Maps.,J.H. Colton & Co.,1855,Map,1 map : hand col. ; 32 x 36 cm.,English,J. H. Colton and Co.,Public,,"Texas, ark:/67531/metapth31082","United States - Texas | The Texas Frontier, 1846-1861 | 1855",https://texashistory.unt.edu/ark:/67531/metapth2479/
info:ark/67531/metapth2478,Map of the State of Texas,"Relief shown by hachures. Prime meridians: Greenwich and Washington. Inset: Map of the vicinity of Galveston City. Includes text on railroads in Texas, El Llano Estacado, the Rio Grande, the Grand Indian Crossing, and the population of Texas according to the census of 1850. ""25"".",Landscape and Nature - Geography and Maps | Texas -- Maps.,"Young, J. H. (James Hamilton) | Hazzard, J. L.",1856,Map,1 map : hand col. ; 36 x 27 cm.,English,Charles Desilver,Public,,,"United States - Texas | The Texas Frontier, 1846-1861 | 1856",https://texashistory.unt.edu/ark:/67531/metapth2478/
info:ark/67531/metapth2477,Texas,Relief shown by hachures. Prime meridians: Greenwich and Washington. Insets: Plan of Galveston Bay -- Plan of Sabine Lake.,Topographic maps | Landscape and Nature - Geography and Maps | Galveston Bay | Sabine Lake,J.H. Colton & Co.,1856,Map,1 map ; 32 x 35 cm.,English,J. H. Colton and Co.,Public,,,"United States - Texas | 1856 | The Texas Frontier, 1846-1861",https://texashistory.unt.edu/ark:/67531/metapth2477/
info:ark/67531/metapth2476,State of Texas / by H.D. Rogers & A. Keith Johnston ; engraved by W. & A.K. Johnston.,"Relief shown by hachures. Prime meridian: Greenwich. In upper margin: ""Atlas of United States &c."" ""17.""",Landscape and Nature - Geography and Maps | Texas -- Maps.,"Rogers, Henry D. | Johnston, Alexander Keith | W. & A.K. Johnston Limited.",1857,Map,1 map : col. ; 35 x 39 cm.,English,John Murray,Public,,,"United States - Texas | The Texas Frontier, 1846-1861 | 1857",https://texashistory.unt.edu/ark:/67531/metapth2476/
info:ark/67531/metapth2475,Map of Texas and part of New Mexico,"Map of most of the state of Texas and some of the surrounding areas, including parts of New Mexico, Oklahoma, Arkansas, and Louisiana. It includes markings for roads, major cities, bodies of water, and and some geographic features, with relief shown by hachures. Prime meridian: Greenwich. Includes list of authorities, coordinates of selected locations, and descriptive notes on various rivers.",Landscape and Nature - Geography and Maps | Texas -- Maps. | New Mexico -- Maps.,United States. Army. Corps of Topographical Engineers.,1857,Map,1 map : col. ; 42 x 57 cm.,English,,Public,,,"United States - Texas | United States - New Mexico | United States - Louisiana | United States - Arkansas | The Texas Frontier, 1846-1861 | 1857 | northlimit=36.000000; eastlimit=-92.016724; southlimit=25.720323; westlimit=-107.417480;",https://texashistory.unt.edu/ark:/67531/metapth2475/
info:ark/67531/metapth2474,County map of Texas.,"Shows counties of 1858. Relief shown by hachures. Prime meridians: Greenwich and Washington. Inset: ""Galveston Bay and vicinity. 30.""",Landscape and Nature - Geography and Maps | Texas -- Maps.,"Mitchell, S. Augustus (Samuel Augustus), 1792-1868",1860,Map,1 map : color ; 23 x 29 cm.,English,,Public,,,"United States - Texas | The Texas Frontier, 1846-1861 | 1860",https://texashistory.unt.edu/ark:/67531/metapth2474/
info:ark/67531/metapth2473,"Preliminary chart of entrance to Brazos River, Texas / from a trigonometrical survey under the direction of A. Bache ; triangulation by J.S. Williams ; topography by J.M. Wampler ; hydrography by the parties under the command of E.J. De Haven & J.K. Duer.",Relief shown by hachures. Prime meridian: Greenwich. Includes text on sailing directions and tides.,"Landscape and Nature - Geography and Maps | Brazos River, Texas.","United States Coast Survey | Duer, J. K. | De Haven, E. J. | Wampler, J. M. | Williams, James S. | Bache, Alexander Dallas",1858,Map,1 map ; 38 x 44 cm.,English,U.S. Coast Survey Office,,,,"United States - Texas - Brazoria County - Brazoria | Annexation, 1844-1846 | 1858",https://texashistory.unt.edu/ark:/67531/metapth2473/
info:ark/67531/metapth2472,J. H. Colton's map of Texas.,"Relief shown by hachures. Prime meridian: Washington. ""41, 42.""",Landscape and Nature - Geography and Maps | Texas -- Maps.,J.H. Colton & Co.,1866,Map,1 map : col. ; 27 x 21 cm.,English,J. H. Colton and Co.,Public,,,"United States - Texas | Civil War and Reconstruction, 1861-1876 | 1866",https://texashistory.unt.edu/ark:/67531/metapth2472/
info:ark/67531/metapth2471,Gray's atlas map of Texas.,"Relief shown by hachures. From: Gray's atlas of the United States, with general maps of the world / by O.W. Gray. Prime meridians: Greenwich and Washington. Insets: Plan of Galveston Bay -- Plan of Sabine Lake. On verso: Gray's atlas map of Arkansas.",Texas -- Maps. | Landscape and Nature - Geography and Maps,"Gray, Ormando Willis",1874,Map,1 map : hand col. ; 32 x 36 cm.,English,"Stedman, Brown & Lyon",,"Gray's atlas of the United States, with general maps of the world / by O.W. Gray.",,"United States - Texas | Civil War and Reconstruction, 1861-1876 | 1874",https://texashistory.unt.edu/ark:/67531/metapth2471/
info:ark/67531/metapth2470,Asher & Adams' Texas.,"Does not show western Texas beyond 7 miles west of San Antonio. Prime meridians: Greenwich and Washington. ""55-56.""",Landscape and Nature - Geography and Maps | Texas -- Maps.,Asher,1871,Map,1 map : color ; 70 x 40 cm. on sheet 63 x 45 cm.,English,Asher & Adams,Public,,,"United States - Texas | Civil War and Reconstruction, 1861-1876 | 1871",https://texashistory.unt.edu/ark:/67531/metapth2470/
info:ark/67531/metapth2469,"[Map of Texas, Indian Territory, Louisiana, Arkansas, Missouri, Kansas] / bearbeitet v. H. Habenicht.","Excludes Texas south of the 29th parallel. ""Petermann: Vereinigte Staaten von Nord-Amerika in 6 Blättern, Bl. 5."" ""Stieler's Hand Atlas, no. 85."" Relief shown by hachures. Prime meridian: Greenwich.",Landscape and Nature - Geography and Maps | West (U.S.) -- Maps.,"Petermann, A.",1872,Map,1 map : hand col. ; 33 x 40 cm.,English,Justus Perthes,Public,,,"United States | Civil War and Reconstruction, 1861-1876 | 1871 | north=32.693885; east=-97.594399;",https://texashistory.unt.edu/ark:/67531/metapth2469/
info:ark/67531/metapth2467,"Bird's eye view of Denton, Denton County, Texas: 1883","Illustrated aerial map of the city of Denton, Texas depicting streets, buildings, trains, and farmland. Indexed for points of interest.",Landscape and Nature - Geography and Maps | Denton (Tex.) -- Aerial views -- Maps.,"Koch, Augustus, fl. 1871-1880",1883,Map,1 map ; 24 x 34 cm.,English,,,,,"United States - Texas - Denton County - Denton | New South, Populism, Progressivism, and the Great Depression, 1877-1939 | 1883",https://texashistory.unt.edu/ark:/67531/metapth2467/
info:ark/67531/metapth2466,The Texas Panhandle: 1885.,"Map shows cattle brands of ranches and identifies their owners in the late nineteenth century ""Texas Panhandle."" Relief shown by hachures. Scale [ca. 1:1,265,000].",Landscape and Nature - Geography and Maps | Agriculture - Ranching | Cattle brands -- Texas -- Texas Panhandle. | Texas Panhandle (Tex.),,1965,Map,"1 map : col. ; 37 x 28 cm., on sheet 44 x 56 cm.",English,,,,,1965 | United States - Texas | The Texas Landscape,https://texashistory.unt.edu/ark:/67531/metapth2466/
info:ark/67531/metapth2465,Audience de Mexico,Map of Mexico and surrounding areas. Relief shown pictorially. Prime meridian: Ferro.,Landscape and Nature - Geography and Maps | Mexico -- Maps. | Spanish Mexico,"Sanson, Nicolas, 1600-1667",1657,Map,1 map : hand colored ; 16 x 27 cm.,French,,Public,,,"Mexico | European Explorers in Texas, 1519-1689 | 1657",https://texashistory.unt.edu/ark:/67531/metapth2465/
info:ark/67531/metapth2464,Hispania nova,Relief shown pictorially. Prime meridian: Ferro.,Landscape and Nature - Geography and Maps | Mexico -- Maps | Spanish Mexico,"Wytfliet, Cornille",1597,Map,1 map ; 22 x 28 cm.,Latin,,Public,,,"Mexico | European Explorers in Texas, 1519-1689 | 1597",https://texashistory.unt.edu/ark:/67531/metapth2464/
info:ark/67531/metapth2463,"Le vieux Mexique, ou, Nouvelle Espagne avec les costes de la Floride : faisant-partic de l'Amerique septentrionale / par N. de Fer.","Relief shown pictorially. Hand colored. Paris : Chez l'auteur dans l'Isle du Palais sur le quay de l'Orloge a la sphere royale avec privil du roy, 1702.",Landscape and Nature - Geography and Maps | Mexico -- Maps. | Central America -- Maps. | Southern States -- Maps | Spanish Mexico,"Fer, Nicolas de",1702,Map,1 map : color ; 23 x 33 cm.,English,,Public,,,"Mexico | North America | European Explorers in Texas, 1519-1689 | 1702",https://texashistory.unt.edu/ark:/67531/metapth2463/
info:ark/67531/metapth2462,"Les costes aux environs de la Riviere de Misisipi : decouvertes par Mr. de la Salle en 1683 et reconnues par Mr. le Chevallier dÍberville en 1698 et 1699 / par N. de Fer ; Vincent de Ginville, sculpsit.","Hand colored. From: LÁtlas curieux / N. de Fer. ""122."" Martin, J.C. Maps of Texas and the Southwest, 1513-1900, p. 49, 91.",Landscape and Nature - Geography and Maps | Mississippi River -- Maps -- Early works to 1800. | Southern States -- Maps -- Early works to 1800.,"Fer, Nicolas de",1705,Map,1 map : hand col. ; 20 x 32 cm.,French,,Public,,,"North America | European Explorers in Texas, 1519-1689 | 1705",https://texashistory.unt.edu/ark:/67531/metapth2462/
info:ark/67531/metapth2460,A new map of Central America / by J.L. Hazzard ; engrd. by Th. Leonhardt.,Prime meridian: Greenwich. Relief shown by hachures. Insets: Map of the communication by railroad across the Isthmus of Darien: from Aspinwall to Panama -- The Isthmus of Tehuantepec: showing the proposed route from the Gulf of Mexico to the Pacific Ocean. From an edition of S.A. Mitchell's A new universal atlas. no. 40. Hand colored. Purchased with funds provided by the Friends of the UNT Libraries.,Landscape and Nature - Geography and Maps | Central America - Maps.,"Hazzard, J. L.",1856,Map,1 map : col. ; 33 x 41 cm.,English,Charles Desilver,Public,,,"United States | The Texas Frontier, 1846-1861 | 1856",https://texashistory.unt.edu/ark:/67531/metapth2460/
info:ark/67531/metapth2459,"Map of North America : designed to accompany Smith's Geography for schools / Daniel Burgess ; eng. by Stiles, Sherman & Smith.",Relief shown by hachures. Prime meridians: Greenwich and Washington.,Landscape and Nature - Geography and Maps | North America -- Maps.,"Burgess, Daniel",1839,Map,1 map : col. ; 26 x 22 cm.,English,D. Burgess,Public,,,"North America | The Republic of Texas, 1836-1846 | 1839",https://texashistory.unt.edu/ark:/67531/metapth2459/
info:ark/67531/metapth2458,Freestone County / sponsored by Freestone County Historical Survey Committee.,Includes scroll-bordered legend identifying 57 historic sites depicted on map.,Freestone County (Tex.) -- Maps. | Landscape and Nature - Geography and Maps,Freestone County Historical Survey Committee,1971,Map,1 map ; 41 x 58 cm.,English,,,,,"United States - Texas - Freestone County | New South, Populism, Progressivism, and the Great Depression, 1877-1939 | 1971",https://texashistory.unt.edu/ark:/67531/metapth2458/
info:ark/67531/metapth2457,"Map of Kansas, Nebraska and Colorado : showing also the sourthern portion of Dacotah / drawn and engraved by W.H. Gamble.","Relief shown by hachures. From: Mitchell's new general atlas. Shows towns, counties, location of Indian tribes and trails in Colorado, Nebraska, Kansas and Dakota Territory. ""Entered according to Act of Congress in the year 1861 by S. Augustus Mitchell, Jr. in the Clerks Office of the District Court of the U.S. for the Eastern District of Pennsylvania."" In lower right corner: 43. Prime meridians: Washington and Greenwich.",Landscape and Nature - Geography and Maps | Kansas -- Maps. | Nebraska -- Maps. | Colorado -- Maps. | Dakota Territory -- Maps. | Wyoming -- Maps. | Indian reservations -- Maps.,"Gamble, W. H.",1861,Map,1 map : col. ; 25 x 34 cm,English,,Public,,,"United States - Kansas | United States - Colorado | United States - Nebraska | Civil War and Reconstruction, 1861-1876 | 1861",https://texashistory.unt.edu/ark:/67531/metapth2457/
info:ark/67531/metapth2456,"Karte von der Erdenge Panama und den Provinzen Veragua, Terra Firma und Darien",Color map of Panama and surrounding areas. Some towns are marked as well as bodies of water and geographic features with relief shown pictorially. Prime meridian: Paris.,Landscape and Nature - Geography and Maps | Central America -- Maps -- To 1800. | Places - Central America,"Bellin, Jacques Nicolas",1754,Map,1 map : color ; 19 x 28 cm.,German,,Public,"From the German edition of P.F.X. Charlevoix, Histoire general des voyages, 1754.--Almagre books, list 47A.",,"Central America and Caribbean | Spanish Texas, 1690-1821 | 1754 | Panama",https://texashistory.unt.edu/ark:/67531/metapth2456/
info:ark/67531/metapth2455,"Denton Texas & Lake Dallas, Denton County : holograph, [1940?]",Scale: approximately 3/4 miles to the inch. Shows roads and located camps in vicinity of Lake Dallas.,"Landscape and Nature - Geography and Maps | Denton County (Tex.) -- Maps, Manuscript. | Lake Dallas, Tex. -- Maps, Manuscript.","Wright, Sena Mounts",1940~,Map,1 map : mat board ; 20 x 15 cm.,English,,Public,,,"United States - Texas - Denton County | Into Modern Times, 1939-Present | 1940",https://texashistory.unt.edu/ark:/67531/metapth2455/
info:ark/67531/metapth2454,"Denton Texas & Lake Dallas, Denton County.",Hand-colored. Scale: approximately 3/4 miles to the inch. Shows roads and located camps in vicinity of Lake Dallas.,Landscape and Nature - Geography and Maps | Landscape and Nature - Water | Lake Dallas | Places - United States - Texas - Denton County,"Wright, Sena Mounts",1940,Map,1 map : color ; 43 x 32 cm.,English,,Public,,,"United States - Texas - Denton County | Into Modern Times, 1939-Present | 1940",https://texashistory.unt.edu/ark:/67531/metapth2454/
info:ark/67531/metapth2453,"Lake Dallas, Denton County, Texas : holograph, 1938.",Map showing camps and points along the shore of Lake Dallas.,"Landscape and Nature - Geography and Maps | Denton County (Tex.) -- Maps, Manuscript. | Dallas, Lake (Tex.) -- Maps, Manuscript.","Wright, Sena Mounts",1938,Map,1 map : mat board ; 61 x 40 cm.,English,,,,,"United States - Texas - Denton County - Denton | New South, Populism, Progressivism, and the Great Depression, 1877-1939 | 1938",https://texashistory.unt.edu/ark:/67531/metapth2453/
info:ark/67531/metapth2468,County Map of the State of Texas: Showing also portions of the Adjoining States and Territories,"Map of the state of Texas denoting the counties in different colors, as well as some major cities and roads, with relief shown by hachures. Portions of neighboring states are included around Texas, with counties noted for New Mexico and Oklahoma (Indian Territory) and geographic features in Arkansas and Louisiana. An inset in the lower-left corner shows an enlarged portion of Galveston Island, including the city of Galveston and some geographic features.",Landscape and Nature - Geography and Maps | Texas -- Administrative and political divisions -- Maps. | Galveston (Tex.) -- Maps.,"Gamble, W. H. (William H.)",1881,Map,1 map : hand colored ; 36 x 50 cm.,English,S. Augustus Mitchell,Public,,,"United States - Texas | United States - Texas - Galveston County - Galveston | New South, Populism, Progressivism, and the Great Depression, 1877-1939 | 1881 | northlimit=36.533475; eastlimit=-93; southlimit=25.846371; westlimit=-109.059082;",https://texashistory.unt.edu/ark:/67531/metapth2468/
info:ark/67531/metapth2493,"National Highways Preliminary Map of the State of Texas : Showing Sixty-Two Hundred Miles of National Highways Proposed by the National Highways Association, Washington, D.C.",Map of the state of Texas showing counties and major cities with national highways marked in red.,Texas -- Maps. | Landscape and Nature - Geography and Maps | Architecture - Civil Works - Streets and Roads | road maps | hgihways | road maps,National Highways Association,1916-04,Map,1 map : col. ; 59 x 62 cm.,English,National Highways Association,Public,,,"New South, Populism, Progressivism, and the Great Depression, 1877-1939 | 1916 | northlimit=36.596125; eastlimit=-93.476805; southlimit=25.738550; westlimit=-106.748290; | United States - Texas",https://texashistory.unt.edu/ark:/67531/metapth2493/
info:ark/67531/metapth3445,[Stuck in the Mud],"Photograph of the back end of a car, which is stuck in the mud near Hereford, Texas.","Business, Economics and Finance - Transportation - Automobiles | mud puddles | fences | Places - United States - Texas - Deaf Smith County - Hereford","Bradly, Bill",[1900..1930],Photograph,"1 photograph : negative, b&w ; 11 x 13 cm.",English,,Public,,,"United States - Texas - Deaf Smith County - Hereford | New South, Populism, Progressivism, and the Great Depression, 1877-1939 | 1900/1930",https://texashistory.unt.edu/ark:/67531/metapth3445/
info:ark/67531/metapth3449,[Men With Wells Fargo Wagon],"Photograph of three men posing in front of a Wells Fargo horse-drawn wagon. The two on the left wear jackets and bow ties. The man on the right, who wears a vest and holds the horse's reins, has been identified as Carl Mountz.","Business, Economics and Finance - Shipping | Wells Fargo & Company. | Carl Mountz | Agriculture - Domestic Animals - Horses | wagons | Business, Economics and Finance - Transportation - Horse-Drawn Vehicles",,1911~,Photograph,"1 photograph : negative, b&w ; 11 x 13 cm.",English,,Public,,,"United States - Texas - Deaf Smith County - Hereford | New South, Populism, Progressivism, and the Great Depression, 1877-1939 | 1911~",https://texashistory.unt.edu/ark:/67531/metapth3449/
info:ark/67531/metapth2318,metal button marked as treble superior,metal button marked as treble superior,Social Life and Customs - Clothing,,,Physical Object,Image,English,,Public,,,United States - Texas,https://texashistory.unt.edu/ark:/67531/metapth2318/
info:ark/67531/metapth2319,button plain tip with metal loop on bottom,button plain tip with metal loop on bottom,buttons | Social Life and Customs - Clothing,,,Physical Object,Image,English,,Public,,,United States - Texas,https://texashistory.unt.edu/ark:/67531/metapth2319/
info:ark/67531/metapth2320,round hollow button fragment,round hollow button fragment,buttons | Social Life and Customs - Clothing,,,Physical Object,Image,No Language,,Public,,,United States - Texas,https://texashistory.unt.edu/ark:/67531/metapth2320/
info:ark/67531/metapth2321,Mexican officer button with image of an eagle on top,Mexican officer button with image of an eagle on top,buttons | Social Life and Customs - Clothing | People - Ethnic Groups - Hispanics,,,Physical Object,Image,English,,Public,,,Mexico,https://texashistory.unt.edu/ark:/67531/metapth2321/
info:ark/67531/metapth2322,ram rod guide (marked with 92a before the museum received the piece),ram rod guide (marked with 92a before the museum received the piece),knockout rods | Arts and Crafts - Crafts - Metalwork,,,Physical Object,Image,English,,Public,,,United States - Texas,https://texashistory.unt.edu/ark:/67531/metapth2322/
info:ark/67531/metapth2323,"Piece of a rifle, flint striker","Piece of a rifle, flint striker",flints | Sports and Recreation - Hunting,,,Physical Object,Image,English,,Public,,,United States - Texas,https://texashistory.unt.edu/ark:/67531/metapth2323/
info:ark/67531/metapth2324,"Cartridge case buckle, small rectangular buckle piece.","Cartridge case buckle, small rectangular buckle piece.",tape cartridges | Social Life and Customs,,,Physical Object,Image,No Language,,Public,,,United States - Texas,https://texashistory.unt.edu/ark:/67531/metapth2324/
info:ark/67531/metapth2325,"spur, worn finish, has been bent and flattened.","spur, worn finish, has been bent and flattened.",spurs | Agriculture - Farm Equipment,,,Physical Object,Image,English,,Public,,,United States - Texas,https://texashistory.unt.edu/ark:/67531/metapth2325/
info:ark/67531/metapth2326,[Group photo in the interior of the Guy Lodge Hall],"Image picture of the interior of the Guy Lodge Hall. Shows 2004.005.001 hanging in the top (viewer's) right hand side. Top Row: (left to right) Stanley Slacalek, Peter Listak, Frank Kveton, Adolph Bosak, Chas. Suchma, Jr., Willie Barak, Frank Vrla, Edmond Kocurek, Freddie Kocurek, Richard Kveton, Edd Walcik, Chas. Suchma, Sr., Second Row: Walter Sebesta, Johnny Barak, Dorthy Barak, Willie Foss, Mrs. Will Kocurek, Adeline Bacica, Norma Walcik, Chas. Pavlas, Ludvik Surovec, Vinc Pekar, John H. Walcik, Frank Hauerland Third Row: Annie Sebesta, Filomena Walcik, Mary Palat, Otilie Hauerland, Wallace Taylor, Julia Taylor, Fannie Bosak, August Bosak, Will Kolar, John Barak, Louis Kocurek, Gotlieb Batke, Louis Horak Bottom Row (not ledgable) (Scanned image is of a copy)",photographs | People - Groups | Guy Lodge Hall,,,Photograph,Image,English,,Public,,,"United States - Texas - Fort Bend County - Guy | Into Modern Times, 1939-Present",https://texashistory.unt.edu/ark:/67531/metapth2326/
info:ark/67531/metapth2327,[Portrait of George Washington that hung in the Guy Lodge Hall],Portrait of George Washington that hung in the Guy Lodge Hall. A picture of the hall (in the accession file) shows the portrait hanging in the Hall.,portraits | People - Individuals | Arts and Crafts,,,Artwork,Image,English,,Public,,,"United States - Texas - Fort Bend County - Guy | Annexation, 1844-1846",https://texashistory.unt.edu/ark:/67531/metapth2327/
info:ark/67531/metapth2328,large oval platter,large oval platter,platters | Social Life and Customs - Furnishings - Dishes | plates,,,Physical Object,Image,English,,Public,,,United States - Texas,https://texashistory.unt.edu/ark:/67531/metapth2328/
info:ark/67531/metapth2329,large round platter,large round platter,platters | Social Life and Customs - Furnishings - Dishes | plates,,,Physical Object,Image,English,,Public,,,United States - Texas,https://texashistory.unt.edu/ark:/67531/metapth2329/
info:ark/67531/metapth2330,medium size plates,medium size plates,salad plates | Social Life and Customs - Furnishings - Dishes | plates,,,Physical Object,Image,English,,Public,,,United States - Texas,https://texashistory.unt.edu/ark:/67531/metapth2330/
info:ark/67531/metapth2331,large saucer for coffee cups,large saucer for coffee cups,saucers | Social Life and Customs - Furnishings - Dishes,,,Physical Object,Image,English,,Public,,,United States - Texas,https://texashistory.unt.edu/ark:/67531/metapth2331/
info:ark/67531/metapth2332,small saucer,"small saucer, used with 2004.003.012",saucers | Social Life and Customs - Furnishings - Dishes,,,Physical Object,Image,English,,Public,,,United States,https://texashistory.unt.edu/ark:/67531/metapth2332/
info:ark/67531/metapth2333,sauceboat,sauce boat,sauce boats | Social Life and Customs - Furnishings - Kitchenware,,,Physical Object,Image,English,,Public,,,United States - Texas,https://texashistory.unt.edu/ark:/67531/metapth2333/
info:ark/67531/metapth2334,oval bowl,Medium size oval bowl.,bowls | Social Life and Customs - Furnishings - Dishes | dish,,,Physical Object,Image,English,,Public,,,United States - Texas,https://texashistory.unt.edu/ark:/67531/metapth2334/
info:ark/67531/metapth2335,round serving bowl and lid with hanldes,round serving bowl and lid with hanldes,bowls | Social Life and Customs - Furnishings - Kitchenware,,,Physical Object,Image,English,,Public,,,United States - Texas,https://texashistory.unt.edu/ark:/67531/metapth2335/
info:ark/67531/metapth2336,[A small cup with a gold design],"eight small cups, coffee?",coffee cups | Social Life and Customs - Furnishings - Dishes,,,Physical Object,Image,English,,Public,,,United States - Texas,https://texashistory.unt.edu/ark:/67531/metapth2336/
info:ark/67531/metapth2337,Set 23 plates with the Noritake mark,Set 23 plates with the Noritake mark,dinner plates | Social Life and Customs - Furnishings - Kitchenware | plates,,,Physical Object,Image,English,,Public,,,United States - Texas,https://texashistory.unt.edu/ark:/67531/metapth2337/
info:ark/67531/metapth2338,[Plate with golden designs around the edges],set of 6 plates that were given to the donor by Rydonia Jones. They have a green noritake mark 16034,dessert plates | Social Life and Customs - Furnishings - Dishes | plates,,,Physical Object,Image,English,,Public,,,United States,https://texashistory.unt.edu/ark:/67531/metapth2338/
info:ark/67531/metapth2339,large serving bowl blue noritake mark # 16034,large serving bowl blue noritake mark # 16034,bowls | Social Life and Customs - Furnishings - Dishes,,,Physical Object,Image,English,,Public,,,United States - Texas,https://texashistory.unt.edu/ark:/67531/metapth2339/
info:ark/67531/metapth2340,14 small bowls,14 small bowls,bowls | Social Life and Customs - Furnishings - Dishes | fruit bowls,,,Physical Object,Image,English,,Public,,,United States - Texas,https://texashistory.unt.edu/ark:/67531/metapth2340/
info:ark/67531/metapth2341,"bowl with three rounded knobs for feet, goes with 2004.003.007","bowl with three rounded knobs for feet, goes with 2004.003.007",bowls | Social Life and Customs - Furnishings - Dishes,,,Physical Object,Image,English,,Public,,,United States - Texas,https://texashistory.unt.edu/ark:/67531/metapth2341/
info:ark/67531/metapth2342,12 bowls,12 bowls,bowls | Social Life and Customs - Furnishings - Dishes,,,Physical Object,Image,English,,Public,,,United States - Texas,https://texashistory.unt.edu/ark:/67531/metapth2342/
info:ark/67531/metapth2343,medium size seving platter,medium size serving platter,platters | Social Life and Customs - Furnishings - Dishes | plates,,,Physical Object,Image,English,,Public,,,United States - Texas,https://texashistory.unt.edu/ark:/67531/metapth2343/
info:ark/67531/metapth2344,8 small saucers,8 small saucers,saucers | Social Life and Customs - Furnishings - Dishes,,,Physical Object,Image,English,,Public,,,United States - Texas,https://texashistory.unt.edu/ark:/67531/metapth2344/
info:ark/67531/metapth2345,12 dinner plates,12 dinner plates,dinner plates | Social Life and Customs - Furnishings - Dishes | plates,,,Physical Object,Image,English,,Public,,,United States - Texas,https://texashistory.unt.edu/ark:/67531/metapth2345/
info:ark/67531/metapth2346,"ladle, goes with 2004.003.012","ladle, goes with 2004.003.012",ladles | Social Life and Customs - Furnishings - Kitchenware,,,Physical Object,Image,English,,Public,,,United States - Texas,https://texashistory.unt.edu/ark:/67531/metapth2346/
info:ark/67531/metapth2347,creamer,creamer,sugar | creamers | Social Life and Customs - Furnishings - Dishes,,,Physical Object,Image,English,,Public,,,United States - Texas,https://texashistory.unt.edu/ark:/67531/metapth2347/
info:ark/67531/metapth2348,sugar container,sugar container,sugar | creamers | Social Life and Customs - Furnishings - Kitchenware,,,Physical Object,Image,English,,Public,,,United States - Texas,https://texashistory.unt.edu/ark:/67531/metapth2348/
info:ark/67531/metapth2349,small coffee pot,small coffee pot,coffee pots | Social Life and Customs - Furnishings - Kitchenware | coffee,,,Physical Object,Image,English,,Public,,,United States - Texas,https://texashistory.unt.edu/ark:/67531/metapth2349/
info:ark/67531/metapth2350,creamer,creamer,sugar | creamers | Social Life and Customs - Furnishings - Dishes,,,Physical Object,Image,English,,Public,,,United States - Texas,https://texashistory.unt.edu/ark:/67531/metapth2350/
info:ark/67531/metapth2351,sugar container and lid,sugar container and lid,sugar | creamers | Social Life and Customs - Furnishings - Kitchenware,,,Physical Object,Image,English,,Public,,,United States - Texas,https://texashistory.unt.edu/ark:/67531/metapth2351/
info:ark/67531/metapth2352,"fourteen coffee cups,","fourteen coffe cups,",coffee cups | Social Life and Customs - Furnishings - Dishes,,,Physical Object,Image,English,,Public,,,United States - Texas,https://texashistory.unt.edu/ark:/67531/metapth2352/
info:ark/67531/metapth2353,[Can sealer],"Can sealer purchased in the 1930's probably from Sears Roebuck. A sealer like this one was displayed in their 1930's catalogs. It belonged to Guy and Oma Wynn who lived in Orchard 1938-1950, Richmond 1950-1985 and earlier a t Crescent in Wharton County. Guy Wynn was Superintendent of Schools at several rural school districts in Wharton County, in Orchard and later the Fot Bend County School Superintendent, 1950-1958. At certain times during the 1930's, the state lacked funds to cash checks for their teachers; therefore, Guy Wynn chose not to cash his checks with the banks which were paying only 50% of their value. During those days, teachers would ""moonlight"" to support themselves and their families. Among other things, our family canned vegetables ""on the halves"" with local farmers. The farmers provided the product, cans, lids and labels, and the Wynns provided the labor and the expertise. Some of the favorite products were corn, field peas, and snapp beans. (this info was given by the donor",jar lids | Social Life and Customs - Furnishings - Kitchenware,,,Physical Object,Image,English,,Public,,,United States - Texas,https://texashistory.unt.edu/ark:/67531/metapth2353/
info:ark/67531/metapth2354,[double sided railroad bench made of wood],double sided railroad bench made of wood,Benches | Social Life and Customs - Furnishings - Furniture,,,Physical Object,Image,English,,Public,,,United States - Texas,https://texashistory.unt.edu/ark:/67531/metapth2354/
info:ark/67531/metapth2060,[Unidentified boy wearing a white collared shirt],photo of unknown boy,"Print,Photographic | People - Individuals",,,Photograph,Image,English,,,,,United States - Texas,https://texashistory.unt.edu/ark:/67531/metapth2060/
info:ark/67531/metapth2061,[Emma Marek and William Marek],photo of Emma Marek and William Marek,"Print,Photographic | People - Individuals | Social Life and Customs - Families",,,Photograph,Image,English,,,,,United States - Texas,https://texashistory.unt.edu/ark:/67531/metapth2061/
info:ark/67531/metapth2062,"[A boy with a dog in front of a house, a man is standing on the porch]","photo of a boy with a dog, in front of what could be the Marek House in Guy, Texas","Print,Photographic | Social Life and Customs - Pets - Dogs",,,Photograph,Image,English,,,,,United States - Texas,https://texashistory.unt.edu/ark:/67531/metapth2062/
info:ark/67531/metapth2063,kids in cotton field in Guy,kids in cotton field in Guy,"Print,Photographic | Agriculture - Farming - Cotton",,,Photograph,Image,English,,,,,United States - Texas,https://texashistory.unt.edu/ark:/67531/metapth2063/
info:ark/67531/metapth2064,[A group of school children],"Photo of a group of school kids (donor said it was Guy Lodge Hall, but the roof does not match that of the Lodge Hall)","Print,Photographic | Education - Schools",,,Photograph,Image,English,,Public,,,"United States - Texas - Fort Bend County - Guy | New South, Populism, Progressivism, and the Great Depression, 1877-1939",https://texashistory.unt.edu/ark:/67531/metapth2064/
info:ark/67531/metapth2065,"Frank Marek House, Guy, Texas","Frank Marek House, Guy, Texas","Print,Photographic | Social Life and Customs - Homes",,,Photograph,Image,English,,Public,,,"United States - Texas - Fort Bend County - Guy | New South, Populism, Progressivism, and the Great Depression, 1877-1939",https://texashistory.unt.edu/ark:/67531/metapth2065/
info:ark/67531/metapth2066,"[Letter written from the Republic of Texas, Fort Bend County on September 11, 1841.]","Letter written from the Republic of Texas, Fort Bend County on September 11, 1841, Signed by A.G. Owen, H.M. Thompson and Wyly Martin",Social Life and Customs - Correspondence | letters,,1841-09-11,Letter,Text,English,,Public,,,"United States - Texas - Fort Bend County | The Republic of Texas, 1836-1846 | 1841-09-11",https://texashistory.unt.edu/ark:/67531/metapth2066/
info:ark/67531/metapth2067,Letter written to Mr. W Vaughan.,Letter written to Mr. W Vaughan.,letters | Social Life and Customs - Correspondence,,1888-06-10,Letter,Text,English,,Public,,,"United States - Texas | The Cattle Boom, 1865-1890 | 1888-06-10",https://texashistory.unt.edu/ark:/67531/metapth2067/
info:ark/67531/metapth2068,Certificate of payment to W.W. Bowman for 40 dollars,Certificate of payment to W.W. Bowman for 40 dollars,Documents | Social Life and Customs - Clothing,,1836-12-08,Text,Image,English,,Public,,,"United States - Texas | The Republic of Texas, 1836-1846 | 1836-12-08",https://texashistory.unt.edu/ark:/67531/metapth2068/
info:ark/67531/metapth2069,Tintype of Tom McGee,Tintype of Tom McGee,tintypes | People - Individuals,,,Photograph,Image,English,,Public,,,United States - Texas,https://texashistory.unt.edu/ark:/67531/metapth2069/
info:ark/67531/metapth2070,[A photograph of an older woman inside of a case],daguerreotype [photograph] of an old lady,daguerreotypes | People - Individuals,,,Photograph,Image,English,,Public,,,United States - Texas,https://texashistory.unt.edu/ark:/67531/metapth2070/
info:ark/67531/metapth2071,Tintype of Tom McGee (right) and unknown boy (left),Tintype of Tom McGee (right) and unknown boy (left),tintypes | People - Individuals,,,Photograph,Image,English,,Public,,,United States - Texas,https://texashistory.unt.edu/ark:/67531/metapth2071/
info:ark/67531/metapth2072,[An unidentified older woman wearing a dark dress],photograph copy of an old lady,photographs | People - Individuals,,,Photograph,Image,English,,Public,,,United States - Texas,https://texashistory.unt.edu/ark:/67531/metapth2072/
info:ark/67531/metapth2073,photograph of unknown lady,photograph of unknown lady,tintypes | People - Individuals,,,Photograph,Image,English,,Public,,,United States - Texas,https://texashistory.unt.edu/ark:/67531/metapth2073/
info:ark/67531/metapth2074,copy of photgraph of a girl (Jones),copy of photograph of a girl (Jones),photographs | People - Individuals,,,Photograph,Image,English,,Public,,,United States - Texas,https://texashistory.unt.edu/ark:/67531/metapth2074/
info:ark/67531/metapth2075,[Henry Jones],photograph copy of Henry Jones,photographs | People - Individuals | Henry Jones,,,Photograph,Image,English,,Public,,,United States - Texas,https://texashistory.unt.edu/ark:/67531/metapth2075/
info:ark/67531/metapth2076,[Group photo of people in front of a detailed backdrop],photograph of a group of people,tintypes | People - Groups,,,Photograph,Image,English,,Public,,,United States - Texas,https://texashistory.unt.edu/ark:/67531/metapth2076/
info:ark/67531/metapth2077,Photograph of Unknown Lady,"Portrait of an unidentified young woman wearing a striped dress with a cameo at the collar. She is seated, with her left arm propped on a dark-colored marble box and is holding what appears to be an open cased portrait in her lap.",tintypes | portraits | People - Individuals,,,Photograph,"1 photograph : tintype, b&w",English,,Public,,,United States - Texas,https://texashistory.unt.edu/ark:/67531/metapth2077/
info:ark/67531/metapth2078,"[A photograph of an unidentified woman, inside of a wood case]",daguerreotype [photograph] of unknown young lady in wood case,daguerreotypes | People - Individuals,,,Photograph,Image,English,,Public,,,United States - Texas,https://texashistory.unt.edu/ark:/67531/metapth2078/
info:ark/67531/metapth2079,[A photograph of a woman inside of a case],Photo of a lady in a case,photographs | People - Individuals,,,Photograph,Image,English,,Public,,,United States - Texas,https://texashistory.unt.edu/ark:/67531/metapth2079/
info:ark/67531/metapth2080,copy photograph similar to photo of C.C. Dyer but back of photo says Foster,copy photograph similar to photo of C.C. Dyer but back of photo says Foster,photographs | People - Individuals,,,Photograph,Image,English,,Public,,,"United States - Texas | New South, Populism, Progressivism, and the Great Depression, 1877-1939",https://texashistory.unt.edu/ark:/67531/metapth2080/
